ProlificID,r1_pred,r1_pred_t_First Click,r1_pred_t_Last Click,r1_pred_t_Page Submit,r1_pred_t_Click Count,r2_pred,r2_pred_t_First Click,r2_pred_t_Last Click,r2_pred_t_Page Submit,r2_pred_t_Click Count,r3_pred,r3_pred_t_First Click,r3_pred_t_Last Click,r3_pred_t_Page Submit,r3_pred_t_Click Count,r4_pred,r4_pred_t_First Click,r4_pred_t_Last Click,r4_pred_t_Page Submit,r4_pred_t_Click Count,r5_pred,r5_pret_t_First Click,r5_pret_t_Last Click,r5_pret_t_Page Submit,r5_pret_t_Click Count,r6_pred,r6_pred_t_First Click,r6_pred_t_Last Click,r6_pred_t_Page Submit,r6_pred_t_Click Count,r7_pred,r7_pred_t_First Click,r7_pred_t_Last Click,r7_pred_t_Page Submit,r7_pred_t_Click Count,attention_check,r8_pred,r8_pred_t_First Click,r8_pred_t_Last Click,r8_pred_t_Page Submit,r8_pred_t_Click Count,r9_pred,r9_pred_t_First Click,r9_pred_t_Last Click,r9_pred_t_Page Submit,r9_pred_t_Click Count,r10_pred,r10_pred_t_First Click,r10_pred_t_Last Click,r10_pred_t_Page Submit,r10_pred_t_Click Count,r11_v1,r11_pred_t_First Click,r11_pred_t_Last Click,r11_pred_t_Page Submit,r11_pred_t_Click Count,r12_pred,r12_pred_t_First Click,r12_pred_t_Last Click,r12_pred_t_Page Submit,r12_pred_t_Click Count,r13_pred,r13_pred_t_First Click,r13_pred_t_Last Click,r13_pred_t_Page Submit,r13_pred_t_Click Count,r14_pred,r14_pred_t_First Click,r14_pred_t_Last Click,r14_pred_t_Page Submit,r14_pred_t_Click Count,r15_pred,r15_pred_t_First Click,r15_pred_t_Last Click,r15_pred_t_Page Submit,r15_pred_t_Click Count,r16_pred,r16_pred_t_First Click,r16_pred_t_Last Click,r16_pred_t_Page Submit,r16_pred_t_Click Count,r17_pred,r17_pred_t_First Click,r17_pred_t_Last Click,r17_pred_t_Page Submit,r17_pred_t_Click Count,r18_pred,r18_pred_t_First Click,r18_pred_t_Last Click,r18_pred_t_Page Submit,r18_pred_t_Click Count,final_categorical,final_categorical_t_First Click,final_categorical_t_Last Click,final_categorical_t_Page Submit,final_categorical_t_Click Count,rewards,round,version
66a12db44b0e92c34a80b5c6,1,4.933,4.933,5.848,1,2,5.975,5.975,6.777,1,2,0.9,0.9,2.324,1,2,2.135,2.887,4.169,2,1,0.637,0.637,1.831,1,1,0.687,0.687,1.577,1,1,1.666,1.666,2.501,1,11,2,1.887,1.887,2.4,1,2,1.1,1.1,2.212,1,2,0.705,0.705,1.557,1,2,4.362,4.362,5.676,1,2,0.604,0.604,1.31,1,2,0.857,0.857,1.643,1,2,0.555,0.555,1.877,1,2,0.784,0.784,1.691,1,2,0.778,0.778,1.622,1,1,1.068,1.068,1.726,1,2,0.921,0.921,1.62,1,2,1.823,1.823,2.5,1,0.45,19,1
60ff7377316fab2ad5f2a7d4,2,4.301,4.301,5.384,1,2,2.759,2.759,4.009,1,2,1.615,1.615,3.233,1,2,1.02,1.02,2.591,1,2,1.139,1.139,2.293,1,1,0.845,0.845,1.678,1,2,0.939,0.939,2.022,1,11,2,0.742,0.742,1.668,1,2,1.45,1.45,2.776,1,2,1.236,1.236,1.964,1,2,0.991,0.991,2.074,1,2,1.352,1.352,2.603,1,2,0.847,0.847,1.711,1,2,1.048,1.048,1.873,1,2,0.664,0.664,1.6,1,2,0.775,0.775,1.614,1,2,0.758,0.758,1.598,1,2,0.706,0.706,1.781,1,2,2.717,2.717,4.309,1,0.55,19,1
668aa889a7254e992fe0aea8,2,3.507,3.507,4.223,1,2,1.868,1.868,2.732,1,2,1.229,1.229,2.483,1,2,0.99,0.99,2.144,1,1,1.406,1.406,2.118,1,1,1.019,1.019,1.797,1,1,1.308,1.308,2.146,1,11,2,0.836,0.836,1.606,1,1,1.039,1.039,2.121,1,2,0.632,0.632,1.572,1,2,0.928,0.928,1.73,1,2,1.378,1.378,2.447,1,2,1.196,1.196,2.156,1,2,1.128,1.128,2.047,1,2,1.114,1.114,2.036,1,2,1.053,1.053,1.901,1,2,1.398,1.398,2.116,1,2,0.765,0.765,1.964,1,2,2.803,2.803,3.461,1,0.5,19,1
60ceeec3a0bed4a1e603b8d7,1,1.801,1.801,2.601,1,1,1.007,1.007,1.867,1,1,0.692,0.692,1.461,1,2,0.537,0.537,1.433,1,2,1.008,1.008,1.626,1,1,0.69,0.69,1.406,1,1,0.018,0.598,1.278,2,11,1,1.205,1.205,1.883,1,1,0.736,0.736,1.459,1,1,0.677,0.677,1.37,1,1,1.163,1.163,2.242,1,1,0.707,0.707,1.518,1,1,1.256,1.256,2.142,1,1,0.938,0.938,1.685,1,1,1.757,1.757,2.875,1,1,1.027,1.027,1.995,1,1,0.75,0.75,1.534,1,1,0.822,0.822,1.539,1,1,1.846,1.846,2.662,1,0.2,19,1
5e667f3bc3f30a4050fc8f2f,1,2.378,2.378,3.57,1,2,1.455,1.455,2.453,1,2,1.169,1.169,2.102,1,1,1.109,1.109,2.216,1,1,0.894,0.894,2.082,1,1,1.113,1.113,2.107,1,1,0.789,0.789,1.715,1,11,1,1.24,1.24,2.622,1,1,1.015,1.015,2.02,1,1,0.799,0.799,1.869,1,1,1.042,2.219,3.193,2,1,1.058,1.058,2.202,1,1,0.873,0.873,2.259,1,1,1.445,1.445,2.633,1,1,0.828,0.828,1.919,1,1,0.843,0.843,2.605,1,1,1.818,1.818,2.847,1,1,1.133,1.133,2.208,1,2,3.009,3.009,4.156,1,0.3,19,3
5b25e250a7cee100011d91fc,2,7.189,7.189,7.955,1,2,2.315,2.315,3.881,1,2,1.798,1.798,2.738,1,1,1.231,1.914,2.172,2,2,1.003,1.003,1.73,1,2,0.708,0.708,1.466,1,2,0.876,0.876,1.746,1,11,2,2.039,2.039,2.812,1,1,1.567,1.567,2.105,1,1,0.689,1.324,1.608,2,1,1.164,1.164,1.705,1,2,1.131,1.131,1.769,1,1,1.706,1.706,2.591,1,1,0.947,2.263,2.783,2,1,0.916,0.916,1.61,1,1,0.844,0.844,1.285,1,1,2.722,2.722,3.179,1,2,2.069,2.99,3.199,2,2,3.494,3.494,5.555,1,0.4,19,2
60e769ec9858960e8ad00886,1,7.809,7.809,9.603,1,1,2.346,2.346,3.208,1,1,2.199,2.199,3.095,1,1,1.178,1.178,2.265,1,1,0.93,0.93,1.868,1,1,0.749,0.749,1.737,1,2,2.265,2.265,2.948,1,11,2,2.107,2.107,2.952,1,2,1.881,1.881,2.646,1,1,0.96,0.96,1.687,1,2,3.381,3.381,4.076,1,2,2.02,2.02,2.905,1,2,0.846,0.846,1.763,1,2,0.915,0.915,1.804,1,2,0.78,0.78,1.68,1,2,0.72,0.72,1.564,1,2,0.861,0.861,1.4,1,2,0.782,0.782,1.681,1,2,3.156,3.156,4.03,1,0.35,19,2
5c0b388b9c7b1100015ab55f,2,3.537,3.537,4.546,1,2,1.61,1.61,2.261,1,2,0.965,0.965,1.653,1,2,1.227,1.227,2.332,1,2,1.01,1.01,1.83,1,2,0.873,0.873,1.669,1,2,1.245,1.245,5.405,1,11,2,1.35,1.35,1.921,1,2,1.014,1.014,1.586,1,2,0.997,0.997,2.146,1,2,1.204,1.542,2.106,2,2,0.658,0.658,1.684,1,2,0.687,0.687,1.584,1,2,1.674,1.674,2.425,1,2,1.152,1.152,1.926,1,1,1.024,1.024,1.774,1,2,1.03,1.03,2.142,1,2,0.774,0.774,1.769,1,2,1.363,1.363,2.259,1,0.45,19,3
5d88f2c014ae0000010d92a7,1,3.901,3.901,4.961,1,1,2.926,2.926,4.129,1,2,0.863,0.863,2.027,1,2,1.052,1.052,2.536,1,2,0.724,0.724,1.727,1,1,0.718,0.718,1.601,1,2,0.758,0.758,1.579,1,11,2,0.753,0.753,1.589,1,2,0.915,0.915,2.006,1,2,1.01,1.01,1.958,1,1,0.75,0.75,2.018,1,1,0.841,0.841,1.796,1,2,0.82,0.82,2.496,1,2,0.705,0.705,1.636,1,2,0.849,0.849,2.045,1,2,0.941,0.941,1.857,1,1,0.994,0.994,2.429,1,1,0.767,0.767,2.01,1,2,4.362,4.362,5.286,1,0.45,19,3
663acee055f8e42d27e11d74,1,2.308,3.164,3.975,2,2,2.008,2.008,3.236,1,2,0.627,0.627,1.332,1,2,0.568,0.568,1.452,1,2,0.782,0.782,1.531,1,2,0.675,0.675,1.568,1,2,0.744,0.744,1.541,1,11,2,0.989,0.989,1.757,1,2,0.916,0.916,1.529,1,2,0.623,0.623,1.522,1,2,0.832,0.832,1.509,1,2,0.733,0.733,1.62,1,2,0.553,0.553,1.204,1,2,0.571,0.571,0.967,1,1,0.496,0.496,0.985,1,2,0.538,0.538,1.136,1,2,0.985,0.985,1.566,1,2,0.542,0.542,0.963,1,2,2.012,2.012,3.482,1,0.5,19,3
663bbfa8e59b6a6872b9fd72,1,4.975,4.975,6.24,1,2,1.723,2.467,2.964,2,2,1.356,1.356,2.122,1,2,0.715,0.715,1.535,1,1,0.928,0.928,1.695,1,2,0.612,0.612,1.481,1,2,0.521,0.521,1.285,1,11,2,2.024,2.024,2.796,1,2,1.736,1.736,2.526,1,1,1.581,1.581,2.371,1,1,1.012,1.012,1.502,1,2,1.703,1.703,2.519,1,2,0.571,0.571,1.21,1,1,0.494,0.494,1.416,1,2,0.807,0.807,1.59,1,1,0.871,0.871,1.594,1,2,2.119,2.119,2.95,1,2,2.067,2.067,2.864,1,2,1.832,1.832,2.375,1,0.3,19,3
67d098fc823ae75b808b84bb,2,2.358,2.358,4.527,1,2,1.882,1.882,2.625,1,1,2.376,2.376,3.062,1,2,2.653,2.653,3.307,1,1,1.251,1.251,2.178,1,1,1.509,2.453,3.085,2,1,1.2,1.2,1.878,1,11,2,1.134,1.134,2.179,1,2,1.046,1.046,1.805,1,1,1.08,1.08,1.846,1,1,1.073,1.073,1.801,1,1,0.951,0.951,1.742,1,1,0.956,0.956,1.712,1,1,1.071,1.071,2.029,1,1,1.186,1.186,1.951,1,2,1.263,1.263,2.101,1,1,1.464,1.464,2.238,1,1,1.328,2.367,3.061,2,1,8.607,8.607,10.879,1,0.6,19,3
650392fe8aea9d3456ad769c,1,4.795,4.795,6.744,1,2,3.2,3.2,4.147,1,1,1.301,1.301,2.283,1,2,6.979,9.567,10.391,2,2,1.295,1.295,2.906,1,2,0.925,0.925,1.952,1,2,1.046,1.046,1.937,1,11,2,0.957,0.957,2.298,1,2,1.153,1.153,2.247,1,2,1.511,1.511,2.515,1,2,0.94,0.94,1.989,1,2,1.082,1.082,2.029,1,2,1.237,1.237,2.185,1,2,0.939,0.939,1.886,1,2,1.688,1.688,2.411,1,1,1.589,1.589,2.358,1,2,1.349,1.349,2.038,1,2,1.755,1.755,2.647,1,2,1.77,1.77,2.944,1,0.45,19,2
60fd0c7f3feef315172385cf,1,5.513,5.513,6.797,1,2,1.659,1.659,3.389,1,2,1.189,1.189,2.248,1,2,1.162,1.162,2.001,1,2,1.248,1.248,2.428,1,2,1.177,1.177,2.278,1,2,1.228,1.228,2.483,1,10,2,1.225,1.225,2.537,1,2,1.197,2.333,3.075,2,1,1.24,1.24,2.501,1,2,1.238,1.238,2.35,1,2,0.836,0.836,2.201,1,2,1.581,1.581,2.7,1,2,2.304,2.304,3.476,1,2,1.144,1.144,2.245,1,2,1.348,1.348,2.696,1,2,1.949,1.949,3.501,1,2,2.181,2.181,3.3,1,2,2.899,2.899,4.442,1,0.5,19,2
63457ca6ea7e55d2491ec3fc,2,3.672,3.672,4.771,1,2,2.633,2.633,3.846,1,2,1.462,1.462,2.841,1,2,1.109,1.109,2.444,1,1,2.069,2.069,3.169,1,1,1.295,1.295,2.393,1,2,4.345,4.345,5.787,1,11,2,1.881,1.881,3.027,1,2,0.91,0.91,2.884,1,2,0.972,0.972,2.091,1,2,1.218,1.218,2.597,1,2,0.955,0.955,2.031,1,2,1.131,1.131,2.391,1,2,1.088,1.088,2.031,1,2,0.84,0.84,1.945,1,2,1.278,1.278,2.486,1,2,1.859,1.859,2.914,1,2,1.377,1.377,2.48,1,2,2.443,2.443,3.743,1,0.6,19,1
675cf0bd30942630672d19ef,1,6.389,6.389,7.773,1,2,5.273,5.273,6.642,1,1,6.856,9.352,10.578,2,2,9.459,9.459,10.963,1,1,1.099,1.099,2.323,1,2,1.15,1.15,4.573,1,2,2.647,5.095,7.534,2,11,1,0.653,0.653,1.504,1,2,0.684,0.684,2.901,1,2,1.121,1.121,1.944,1,2,0.897,0.897,2.385,1,2,0.947,0.947,1.864,1,2,2.186,2.186,2.906,1,1,0.789,0.789,1.973,1,1,0.502,0.502,5.352,1,2,0.688,0.688,2.289,1,2,1.182,1.182,2.43,1,1,0.493,0.493,1.302,1,2,6.345,6.345,9.409,1,0.65,19,1
5fa2b9a3c1d67f3a311db672,1,2.27,3.903,4.835,2,2,3.344,3.344,3.901,1,2,1.499,1.499,2.549,1,2,4.393,4.393,5.144,1,1,2.028,2.028,2.921,1,1,1.617,1.617,2.388,1,2,2.003,2.828,3.228,2,11,2,6.202,6.202,6.853,1,2,1.754,1.754,2.381,1,2,1.017,1.017,1.599,1,2,1.092,1.092,1.706,1,1,1.221,1.221,2.096,1,2,0.699,0.699,1.379,1,2,0.849,0.849,1.4,1,2,0.885,0.885,1.589,1,1,0.468,1.052,1.762,2,1,0.849,0.849,1.679,1,2,0.607,0.607,1.117,1,1,3.175,3.175,3.984,1,0.4,19,1
663cfa07795619019d825ae6,2,2.528,2.528,3.621,1,2,1.146,1.146,1.7,1,2,0.58,0.58,1.204,1,2,0.402,0.402,1.456,1,2,0.437,0.437,1.025,1,1,0.496,0.496,1.107,1,1,0.342,0.342,0.931,1,11,2,0.628,0.628,1.242,1,2,0.202,0.54,1.124,2,2,0.329,0.329,0.856,1,2,0.204,0.204,1.062,1,1,0.398,0.398,0.835,1,2,0.487,0.487,1.068,1,2,0.456,0.456,1.061,1,2,0.325,0.325,0.97,1,2,0.477,0.477,1.217,1,2,0.652,1.297,1.789,3,2,0.629,0.629,1.223,1,2,2.644,2.644,3.305,1,0.45,19,1
6727cb561c561b75b4ccfb31,2,3.433,3.433,5.666,1,2,2.103,2.103,3.331,1,2,1.506,1.506,2.965,1,2,1.725,1.725,2.954,1,2,1.877,1.877,2.76,1,2,1.312,1.312,6.024,1,2,1.458,1.458,3.801,1,11,2,1.71,1.71,2.741,1,2,3.608,3.608,4.601,1,2,1.386,1.386,3.438,1,2,1.187,1.187,2.896,1,2,1.179,1.179,3.326,1,2,1.509,1.509,3.301,1,2,1.29,1.29,3.072,1,2,1.19,1.19,2.272,1,2,1.184,1.184,3.031,1,2,4.455,4.455,5.286,1,2,1.435,1.435,3.066,1,2,2.865,2.865,5.847,1,0.6,19,3
664e835c732628231a08fff5,2,4.896,4.896,6.791,1,2,1.678,1.678,3.225,1,2,1.781,2.278,3.351,2,2,1.358,1.358,2.552,1,2,1.612,1.612,4.96,1,2,0.925,0.925,2.45,1,2,0.784,0.784,2.068,1,11,2,2.794,2.794,3.754,1,1,1.053,1.053,1.957,1,2,1.047,1.047,1.754,1,2,0.961,0.961,1.818,1,2,1.34,1.34,2.939,1,2,1.077,2.11,2.653,2,2,1.085,2.087,2.587,2,2,0.922,0.922,1.851,1,2,2.113,2.113,4.365,1,2,1.432,1.432,3.163,1,2,1.093,1.093,2.403,1,2,3.967,3.967,5.2,1,0.55,19,3
6317ff092d6b47344b7d1ec5,2,2.124,2.124,2.774,1,2,1.793,1.793,2.029,1,2,1.179,1.179,1.202,1,2,0.845,0.845,0.971,1,2,0.861,0.861,0.977,1,2,0.686,0.686,0.702,1,2,0.611,0.611,0.751,1,11,2,0.979,0.979,1.078,1,2,0.733,0.733,0.879,1,2,0.893,0.893,2.526,1,2,0.695,0.695,0.835,1,2,0.722,0.722,0.837,1,2,0.88,0.88,0.995,1,2,0.526,0.526,0.678,1,2,0.531,0.531,0.653,1,1,0.911,0.911,1.034,1,2,0.946,0.946,1.07,1,2,0.702,0.702,2.504,1,2,2.502,2.502,4.305,1,0,19,2
5e176b2163c7a407ce2f02a1,2,4.025,4.025,5.329,1,2,1.741,1.741,3.49,1,1,1.538,1.538,2.221,1,2,1.216,1.216,2.079,1,2,1.353,1.353,2.46,1,2,0.793,0.793,1.655,1,1,5.703,5.703,6.593,1,11,1,5.153,5.153,5.816,1,2,0.794,0.794,1.671,1,1,0.848,0.848,1.584,1,2,0.789,0.789,1.611,1,2,0.781,0.781,1.521,1,2,1.009,1.009,1.642,1,2,1.114,1.114,1.962,1,1,0.664,0.664,1.3,1,2,0.776,0.776,1.592,1,2,1.422,1.422,2.6,1,2,1.205,1.205,1.883,1,2,3.781,3.781,4.551,1,0.45,19,2
66d2537675f4f1fc0aded926,2,1.777,4.62,5.026,2,1,1.82,2.844,3.278,2,2,1.062,2.105,2.553,2,2,1.453,1.453,2.118,1,2,0.8,0.8,1.49,1,1,0.878,0.878,1.568,1,2,0.648,0.648,1.262,1,11,2,0.976,0.976,1.614,1,2,1.395,1.395,1.976,1,2,0.523,0.523,1.437,1,1,0.67,0.67,1.284,1,1,0.511,0.511,1.051,1,2,0.585,0.585,1.182,1,2,0.629,0.629,1.1,1,2,0.812,0.812,1.443,1,2,2.813,2.813,3.5,1,2,2.189,2.189,2.641,1,2,1.646,1.646,2.18,1,2,2.182,3.676,4.492,2,0.5,19,1
628eab48a8c8dc1ecec338dd,1,3.596,3.596,5.062,1,2,0.919,0.919,2.032,1,2,0.786,0.786,1.764,1,2,1.799,1.799,3.101,1,2,2.267,2.267,3.379,1,2,1.103,1.103,2.085,1,2,1.353,1.353,2.208,1,11,2,2.592,2.592,4.703,1,1,1.758,1.758,2.636,1,2,1.283,1.283,2.048,1,2,1.246,1.246,2.3,1,2,0.902,0.902,2.2,1,2,1.382,1.382,2.444,1,2,0.908,0.908,1.835,1,1,0.836,0.836,1.887,1,2,0.832,0.832,2.036,1,2,2.434,2.434,3.584,1,2,1.302,1.302,2.581,1,2,1.909,1.909,4.423,1,0.45,19,3
667c5ac2e2bd1c0e9a4343bc,2,2.506,2.506,3.198,1,1,1.081,2.064,2.797,2,2,1.331,1.331,1.867,1,2,0.683,1.333,1.814,2,1,3.256,3.256,3.883,1,2,0.633,1.076,1.28,2,2,0.644,0.644,1.361,1,11,2,0.679,1.073,1.524,2,2,0.671,0.671,1.279,1,2,0.176,0.655,1,2,2,0.582,1.068,1.31,2,2,0.52,0.52,1.282,1,2,0.898,1.745,2.071,4,2,0.589,1.156,1.476,2,2,0.662,0.662,1.202,1,2,0.722,0.722,1.783,1,2,0.869,0.869,1.462,1,2,0.696,0.696,1.286,1,2,1.675,1.675,3.335,1,0.6,19,2
65cd90916d6c5ca9f796e9a3,1,1.744,1.744,3.213,1,2,1.358,3.437,3.868,2,2,1.196,1.196,2.37,1,2,0.791,0.791,1.848,1,1,0.994,0.994,2.065,1,2,0.783,0.783,1.84,1,2,0.763,0.763,1.969,1,11,2,1.122,1.122,2.222,1,1,0.655,0.655,1.671,1,1,1.059,1.059,1.982,1,2,0.681,0.681,1.786,1,2,0.81,0.81,1.934,1,2,0.724,0.724,1.843,1,2,0.797,0.797,2.301,1,2,1.043,1.043,2.3,1,2,1.044,1.044,2.183,1,1,1.062,1.062,2.034,1,2,0.997,0.997,2.052,1,2,2.305,4.601,5.727,3,0.4,19,3
660452d6f4aa3a41d687885b,2,3.569,3.569,4.27,1,2,1.739,1.739,2.675,1,2,1.548,1.548,2.317,1,1,1.94,1.94,2.948,1,2,0.834,0.834,1.588,1,2,1.157,1.157,1.878,1,2,1.313,1.313,2.084,1,11,2,1.032,1.032,1.601,1,1,1.044,1.044,1.782,1,2,1.678,1.678,2.698,1,2,0.952,0.952,1.714,1,1,1.094,1.094,1.865,1,2,0.832,0.832,1.519,1,2,1.165,1.165,1.871,1,2,0.894,0.894,1.532,1,1,1.186,1.186,1.821,1,2,1.088,1.088,1.725,1,2,2.122,2.122,2.907,1,1,4.417,4.417,5.321,1,0.4,19,3
5ebe015ae70ab70008895dbd,2,4.046,4.046,5.051,1,1,2.97,2.97,4.079,1,2,1.564,1.564,2.416,1,2,3.4,3.4,4.181,1,1,1.171,1.171,1.974,1,1,1.801,1.801,2.47,1,2,1.444,1.444,2.128,1,11,1,1.421,1.421,2.329,1,2,2.006,2.006,2.96,1,1,3.227,3.227,3.943,1,1,1.117,1.117,1.825,1,2,1.226,1.226,1.942,1,1,1.999,1.999,2.659,1,2,0.907,0.907,1.519,1,1,1.053,1.053,1.728,1,2,1.079,1.079,1.667,1,2,1.392,1.392,2.276,1,2,1.178,1.178,2.086,1,2,3.355,3.355,4.135,1,0.5,19,1
5e2b3e22a8f85318c2429121,2,1.622,1.622,2.432,1,2,1.313,1.313,1.946,1,2,0.502,0.502,1.087,1,2,0.597,1.283,1.769,2,2,2.027,2.027,2.64,1,2,1.418,2.113,2.698,2,2,2.017,2.017,2.648,1,11,2,0.932,0.932,1.786,1,2,1.358,1.358,2.268,1,1,0.855,0.855,1.477,1,2,0.718,2.037,2.468,3,2,0.997,0.997,1.587,1,2,1.154,1.154,1.733,1,2,0.697,1.52,1.701,2,2,1.059,1.059,1.724,1,1,0.801,0.801,1.759,1,2,0.645,1.494,1.852,3,2,0.533,1.18,1.823,2,2,1.664,1.664,2.508,1,0.5,19,2
62a0b34cbcc5987a8fa73c39,2,2.546,2.546,3.4,1,2,3.413,4.362,5.363,2,2,1.119,1.857,2.7,2,2,0.854,0.854,1.701,1,2,0.809,1.659,2.1,2,2,0.778,0.778,1.6,1,2,0.795,0.795,1.6,1,11,2,0.969,0.969,1.927,1,2,0.77,0.77,1.401,1,2,0.993,0.993,1.742,1,2,0.568,0.568,1.436,1,2,0.942,0.942,1.634,1,2,1.145,1.145,1.941,1,2,0.97,0.97,1.801,1,2,0.849,0.849,1.795,1,2,1.404,2.56,3.452,2,2,2.894,3.435,4.279,2,2,0.922,0.922,1.873,1,2,3.892,3.892,4.701,1,0.6,19,1
6785ddfbacf7592ed658583b,2,8.766,8.766,10.302,1,2,7.438,7.438,8.387,1,2,1.502,1.502,3.103,1,1,4.048,4.048,4.951,1,1,1.885,1.885,3.612,1,2,1.579,1.579,2.579,1,2,1.541,1.541,2.977,1,11,2,5.322,5.322,7.019,1,2,2.211,2.211,3.674,1,1,2.282,2.282,3.914,1,2,2.027,2.027,3.764,1,2,1.588,1.588,3.345,1,1,1.268,1.268,2.741,1,2,1.958,1.958,3.228,1,2,1.737,1.737,3.076,1,2,1.598,1.598,3.147,1,2,2.679,2.679,4.369,1,2,1.64,1.64,3.382,1,1,7.243,10.04,11.208,2,0.4,19,2
64417871875bc046c888c152,1,3.074,3.074,3.905,1,2,1.427,1.427,2.462,1,1,1.254,1.775,2.787,2,1,6.494,7.056,7.856,2,2,1.515,1.515,2.625,1,1,0.882,0.882,1.726,1,2,0.872,0.872,1.568,1,11,1,1.647,2.569,3.073,2,1,1.243,1.243,2.862,1,1,0.876,0.876,1.78,1,2,0.782,4.219,5.352,2,1,0.618,0.618,1.383,1,2,0.847,0.847,1.826,1,1,1.271,1.271,2.277,1,2,0.981,0.981,2.064,1,1,0.874,1.367,2.076,2,2,1.197,1.197,2.227,1,2,0.837,0.837,1.879,1,2,1.859,1.859,3.06,1,0.4,19,1
66ec318029fc5a15efe40c57,2,4.797,4.797,6.173,1,1,4.407,4.407,5.902,1,1,3.274,3.274,4.3,1,1,2.176,2.176,3.127,1,1,2.449,2.449,3.401,1,2,1.788,1.788,2.979,1,2,1.85,1.85,2.626,1,11,2,3.272,3.272,4.235,1,1,38.566,38.566,39.838,1,2,2.908,2.908,3.947,1,1,1.971,1.971,2.809,1,2,3.035,3.035,4.035,1,1,1.876,1.876,2.891,1,2,1.189,1.189,2.277,1,2,2.517,2.517,3.851,1,1,1.955,1.955,3.163,1,1,1.86,1.86,2.74,1,2,1.533,1.533,2.507,1,2,3.963,3.963,5.242,1,0.4,19,2
606f63b3a589ac58f5a74712,1,3.826,3.826,4.857,1,1,2.283,2.283,3.432,1,1,0.723,0.723,1.64,1,1,1.162,1.162,2.428,1,1,0.576,1.074,2.036,2,2,0.643,0.643,2.099,1,2,0.932,0.932,1.725,1,11,2,2.285,2.285,3.053,1,2,0.654,0.654,1.217,1,2,1.889,1.889,2.669,1,1,1.087,1.087,1.762,1,2,1.183,1.538,3.84,2,2,0.687,0.687,1.494,1,2,1.127,1.127,1.911,1,2,0.622,1.116,2.194,2,1,2.519,2.519,3.455,1,2,1.131,1.131,1.994,1,1,1.015,1.015,1.942,1,2,3.899,3.899,6.073,1,0.25,19,3
663a41265f6d1a3d681574c2,1,1.283,1.283,2.648,1,1,0.93,0.93,1.8,1,1,1.04,1.04,1.868,1,1,0.514,0.514,1.306,1,1,0.565,0.565,1.619,1,1,0.521,0.941,1.627,2,1,1.322,1.322,2.09,1,11,1,1.406,1.406,3.442,1,1,1.297,1.297,2.038,1,1,1.212,1.212,1.929,1,1,0.587,0.587,1.331,1,1,1.172,1.172,2.046,1,1,1.501,1.501,2.183,1,1,1.401,1.401,2.146,1,1,1.007,1.007,1.829,1,1,1.989,1.989,2.846,1,1,3.614,3.614,4.422,1,1,1.089,1.089,1.962,1,2,5.104,6.879,7.596,2,0.3,19,1
62e097c92160176b0b9c2619,2,2.521,2.521,4.137,1,2,1.093,1.093,2.595,1,2,1.532,1.532,2.6,1,2,1.046,1.046,2.579,1,2,0.896,0.896,1.983,1,2,1.12,1.12,2.555,1,2,1.139,1.139,2.527,1,11,2,0.913,0.913,1.7,1,2,0.785,0.785,1.9,1,2,1.172,1.172,2.345,1,2,0.949,0.949,2.365,1,2,0.665,0.665,1.832,1,2,0.492,0.492,1.417,1,2,0.736,1.623,2.201,2,2,0.997,0.997,2.14,1,2,0.92,1.572,2.955,2,2,1.371,1.371,2.7,1,2,1.485,1.485,2.724,1,2,2.307,2.307,3.229,1,0.6,19,2
6752ce4087caba3e20d3fbde,1,3.958,3.958,6.659,1,2,2.275,2.275,3.473,1,2,1.73,1.73,3.056,1,2,1.494,1.494,2.807,1,2,1.51,1.51,3.404,1,2,1.325,1.325,2.701,1,2,1.157,1.157,2.751,1,11,2,1.493,1.493,2.796,1,2,1.087,1.087,2.378,1,1,1.753,1.753,2.9,1,2,0.648,0.648,2.108,1,2,0.748,0.748,1.958,1,2,0.846,0.846,2.138,1,1,0.767,0.767,2.082,1,2,0.846,0.846,2.898,1,1,1.836,1.836,2.894,1,2,1.535,1.535,4.05,1,2,1.636,1.636,2.782,1,2,2.643,2.643,4.169,1,0.5,19,2
5ecca0f9a88e73878f2e66b4,1,2.076,2.076,2.67,1,2,1.075,2.676,3.251,3,2,0.716,0.716,1.801,1,1,0.774,0.774,2.167,1,2,0.75,0.75,1.301,1,1,1.27,1.27,1.915,1,2,2.062,3.063,3.441,2,11,2,1.211,1.211,1.723,1,1,1.031,1.433,2.34,2,2,0.909,0.909,1.754,1,2,0.936,0.936,1.76,1,2,0.843,0.843,1.668,1,2,0.804,0.804,1.529,1,1,0.956,0.956,1.684,1,1,0.586,0.586,1.481,1,2,0.628,0.628,1.388,1,1,0.842,0.842,1.485,1,2,0.842,0.842,1.75,1,2,3.617,3.617,4.462,1,0.4,19,3
6152305042a5020fd676cae3,1,3.009,3.009,4.324,1,2,1.362,1.362,2.78,1,2,1.433,1.433,2.564,1,2,0.951,0.951,1.833,1,2,1.177,1.177,1.957,1,2,1.416,1.416,2.065,1,2,1.052,1.052,2.254,1,11,2,0.941,0.941,2.007,1,2,3.451,3.451,4.397,1,2,1.153,1.153,2.163,1,2,1.372,1.372,2.542,1,2,0.937,0.937,2.043,1,2,0.962,1.786,3.3,2,2,1.245,1.245,2.04,1,2,0.813,0.813,1.655,1,2,1.277,1.277,2.184,1,2,2.259,2.259,3.221,1,2,1.545,1.545,2.633,1,2,2.896,2.896,3.899,1,0.55,19,1
65d62743dfcd203fc76596e3,1,6.367,6.367,7.672,1,2,1.632,1.632,2.436,1,2,1.101,1.101,2.805,1,2,0.768,0.768,1.722,1,1,0.949,0.949,1.713,1,1,0.981,0.981,1.835,1,1,1.497,1.497,2.331,1,11,2,0.769,0.769,1.764,1,1,1.005,1.005,2.109,1,2,1.207,1.207,2.062,1,2,1.323,1.323,2.227,1,2,1,1,2.074,1,2,0.781,1.203,2.568,2,2,0.9,0.9,1.699,1,2,1.831,1.831,2.586,1,2,0.733,0.733,1.578,1,2,2.498,2.498,3.232,1,1,2.504,2.504,3.368,1,2,2.842,2.842,5.376,1,0.45,19,3
62f58a7129fb13cf46a08ae0,1,4.761,4.761,5.518,1,1,1.29,1.29,3.246,1,2,2.478,2.478,3.004,1,2,1.252,1.578,2.304,2,2,0.953,0.953,1.624,1,1,0.961,0.961,1.555,1,1,0.666,1.372,1.693,2,11,1,1.779,2.48,2.947,2,2,0.952,0.952,1.675,1,2,0.71,0.71,1.536,1,2,0.725,0.725,1.498,1,1,0.77,0.77,1.507,1,2,0.872,0.872,1.551,1,1,1.036,1.036,1.749,1,1,0.856,0.856,1.666,1,2,0.81,0.81,1.574,1,1,1.73,2.143,2.624,2,1,0.826,0.826,1.486,1,2,2.714,3.729,4.385,2,0.4,19,1
5ec3884fa0c1ef0009b57549,2,5.629,5.629,6.788,1,2,2.087,2.087,2.88,1,2,3.315,3.955,4.336,2,2,1.625,2.171,3.125,2,2,0.892,0.892,1.717,1,2,1.539,1.539,2.4,1,2,1.029,1.624,5.888,2,11,2,3.087,3.087,3.677,1,1,0.78,0.78,1.655,1,2,1.379,1.379,2.173,1,2,1.015,1.816,2.318,2,2,1.118,1.118,1.878,1,2,1.677,1.677,2.301,1,2,1.985,1.985,2.839,1,2,0.908,0.908,1.816,1,2,2.224,2.224,3.133,1,2,3.041,3.041,4.15,1,2,3.299,3.299,4.273,1,2,1.664,1.664,2.442,1,0.55,19,1
60ff1c72c1a37791bb5e1c7a,1,3.909,3.909,4.958,1,2,1.119,1.119,2.332,1,2,0.914,0.914,1.932,1,2,0.585,0.585,1.381,1,2,0.88,0.88,1.487,1,2,1.542,1.542,2.45,1,2,0.694,0.694,1.494,1,11,2,0.599,0.599,1.169,1,2,0.757,0.757,1.341,1,2,0.763,0.763,1.33,1,2,0.6,1.151,1.69,2,2,0.772,0.772,1.328,1,2,0.68,0.68,1.247,1,2,1.183,1.183,1.697,1,2,5.029,5.029,5.451,1,2,1.189,1.189,1.775,1,2,0.729,0.729,1.352,1,2,0.628,0.628,1.189,1,2,3.801,3.801,5.181,1,0.55,19,1
674257374416ba129175e1d4,1,7.842,7.842,9.359,1,2,2.419,2.419,3.867,1,2,1.4,1.4,2.49,1,1,0.943,0.943,1.714,1,1,3.745,3.745,5.113,1,2,0.843,0.843,1.631,1,2,1.018,1.018,1.915,1,11,2,4.917,4.917,5.931,1,1,1.037,1.037,2.006,1,2,1.607,1.607,2.597,1,1,1.61,1.61,2.606,1,2,1.37,1.37,2.296,1,1,0.859,0.859,1.661,1,2,1.001,1.001,1.945,1,2,0.745,0.745,1.899,1,1,0.873,0.873,3.414,1,2,1.167,1.167,2.095,1,2,0.901,0.901,2,1,2,4.829,4.829,6.717,1,0.25,19,3
610842f58a24a351465246d7,2,4.041,4.041,4.764,1,1,1.52,1.52,2.359,1,1,1.215,1.215,2.019,1,1,5.515,5.515,6.154,1,1,2.238,3.238,3.844,2,2,0.425,0.425,1.23,1,2,0.54,0.54,1.193,1,11,2,1.037,1.037,1.66,1,2,0.845,0.845,1.904,1,2,52.37,52.37,53.11,1,1,1.295,2.074,2.48,2,1,1.466,1.466,1.967,1,2,1.653,1.653,2.288,1,2,0.904,0.904,1.51,1,2,1.642,1.642,2.349,1,1,2.569,3.301,3.874,2,2,0.652,0.652,1.426,1,2,0.419,0.419,1.074,1,2,1.794,2.384,2.916,2,0.45,19,2
5fca60762df9df6328840cae,2,1.627,1.627,2.927,1,2,2.269,2.269,3.376,1,2,1.373,1.373,2.487,1,1,0.98,0.98,1.909,1,1,1.323,1.323,2.375,1,2,1.354,1.354,2.204,1,2,1.378,1.378,2.397,1,11,2,1.314,1.314,2.212,1,1,1.55,1.55,2.54,1,1,1.563,1.563,2.655,1,2,1.483,1.483,2.336,1,2,1.318,1.318,2.285,1,2,1.36,1.36,2.196,1,2,1.316,1.316,2.145,1,2,1.167,1.696,2.695,2,2,3.544,3.544,4.649,1,2,1.328,1.328,3.621,1,2,1.512,1.512,3.481,1,2,3.386,3.386,4.646,1,0.5,19,2
632e9aa62793c18a857aece4,1,6.474,6.474,8.776,1,2,3.348,3.348,4.765,1,2,2.742,2.742,3.872,1,1,1.22,1.22,2.497,1,2,2.084,2.084,3.783,1,2,1.098,1.098,2.154,1,2,1.487,1.487,2.867,1,11,2,1.298,1.298,2.723,1,2,2.006,2.006,3.289,1,2,1.584,1.584,2.677,1,2,1.306,1.306,2.661,1,1,1.644,1.644,3.123,1,1,1.471,1.471,3.072,1,2,1.66,1.66,2.864,1,2,1.03,1.953,3.196,2,2,1.067,1.067,2.44,1,1,1.529,1.529,2.967,1,2,1.138,3.276,4.599,2,2,3.658,3.658,5.068,1,0.5,19,2
5be5c05fd153f500019a2ef2,1,6.895,6.895,8.052,1,2,2.943,2.943,6.273,1,2,3.329,4.784,5.798,2,1,5.975,5.975,7.402,1,2,3.33,3.33,4.067,1,2,3.422,3.422,4.593,1,2,2.01,2.01,3.414,1,11,1,26.3,26.3,27.79,1,2,4.249,4.249,5.234,1,1,13.686,13.686,15.007,1,2,1.687,1.687,2.666,1,2,1.239,1.239,2.228,1,2,1.861,1.861,3.338,1,1,1.779,1.779,3.043,1,2,1.393,1.393,2.562,1,2,7,7,7.872,1,1,2.405,2.405,3.297,1,1,1.698,1.698,2.601,1,2,3.357,3.357,4.52,1,0.55,19,2
568899d9d7848e0005399c6b,2,2.272,2.272,4.475,1,2,0.918,2.237,2.741,2,2,1.525,1.525,2.999,1,2,1.114,1.908,2.3,2,2,0.745,0.745,1.833,1,2,1.066,1.066,1.94,1,2,0.754,0.754,1.531,1,11,2,0.992,0.992,1.948,1,2,1.08,1.08,2,1,2,1.137,1.137,2.226,1,2,0.741,0.741,1.467,1,2,0.691,0.691,1.719,1,2,1.01,1.01,1.783,1,2,0.817,0.817,1.847,1,2,0.783,0.783,1.658,1,2,1.152,1.152,2.001,1,2,0.957,0.957,1.823,1,2,1.256,1.256,2.175,1,2,1.933,1.933,2.751,1,0.6,19,1
5dcea4c3bc83380fe65dba2a,2,11.656,12.7,13.539,2,1,7.774,8.996,9.734,2,2,2.11,2.11,3.212,1,2,1.766,1.766,2.879,1,1,2.988,2.988,4.021,1,2,2.34,2.34,3.303,1,2,1.678,1.678,2.873,1,11,1,3.961,3.961,4.999,1,2,1.321,1.321,2.283,1,2,1.085,1.085,2.004,1,1,1.393,1.393,2.46,1,2,1.106,1.106,2.071,1,2,1.417,1.417,2.387,1,1,1.815,1.815,2.908,1,2,1.779,1.779,2.75,1,2,1.139,1.139,2.045,1,1,1.616,1.616,2.613,1,2,5.623,5.623,6.676,1,2,6.476,6.476,7.811,1,0.7,19,1
62740f4f578f0114e649016d,1,2.554,2.554,3.957,1,2,1.976,1.976,2.913,1,1,3.667,4.22,4.632,2,1,0.669,0.669,1.196,1,1,0.87,0.87,1.491,1,2,0.537,0.537,1.238,1,2,0.759,1.395,1.756,2,11,2,1.028,1.61,1.955,2,2,0.88,0.88,1.601,1,1,0.602,0.602,1.154,1,2,1.018,1.018,1.672,1,2,0.832,0.832,1.398,1,2,1.077,1.452,1.978,2,2,4.493,4.994,5.353,2,2,1.21,1.21,1.836,1,2,1.017,1.017,1.597,1,2,2.487,2.487,3.123,1,2,2.546,2.546,3.088,1,1,2.743,4.241,4.957,2,0.35,19,2
63e891d4658dea6e9aa9f7e5,1,2.72,2.72,3.683,1,2,1.72,1.72,2.995,1,1,2.355,2.355,3.26,1,2,1.181,1.181,1.873,1,1,1.079,1.079,1.897,1,2,0.878,0.878,1.624,1,2,0.758,0.758,1.584,1,11,2,1.577,1.577,3.179,1,2,1.751,1.751,2.745,1,2,1.335,1.335,2.041,1,1,1.114,1.114,1.725,1,2,0.789,0.789,1.52,1,2,1.39,1.39,2.049,1,2,0.718,0.718,1.488,1,1,0.676,0.676,1.35,1,2,0.88,2.288,2.755,3,2,0.732,0.732,1.559,1,2,0.632,0.632,2.067,1,2,2.845,2.845,3.705,1,0.45,19,3
5d4c7ac3e8ec490018b0050d,2,2.894,2.894,4.044,1,2,2.066,2.066,3.21,1,2,1.728,1.728,3.07,1,2,1.512,1.512,2.569,1,2,1.558,1.558,2.351,1,2,1.621,1.621,2.677,1,2,1.487,1.487,2.568,1,11,2,1.448,1.448,2.508,1,2,1.375,1.375,2.661,1,2,1.111,1.111,2.621,1,2,1.38,1.38,2.22,1,2,1.592,1.592,2.616,1,2,1.209,1.209,1.958,1,2,1.309,1.309,2.451,1,2,1.156,1.156,2.22,1,2,1.532,1.532,2.44,1,2,4.096,4.096,5.19,1,2,2.392,2.392,3.732,1,2,3.143,3.143,4.623,1,0.6,19,3
612df6ef33e1afb850d6d56f,1,6.062,6.062,7.569,1,1,3.601,3.601,4.901,1,2,1.952,1.952,3.58,1,1,1.986,1.986,4.685,1,2,1.362,1.362,2.461,1,2,1.085,1.085,2.49,1,2,1.132,1.132,2.138,1,11,1,2.701,2.701,4.164,1,2,1.211,1.211,2.163,1,1,2.5,2.5,3.291,1,1,0.631,0.631,1.602,1,2,0.714,0.714,1.582,1,2,0.781,0.781,1.783,1,2,0.081,0.081,1.078,1,1,0.679,1.046,1.562,2,2,0.728,0.728,1.528,1,1,0.94,0.94,1.841,1,1,0.908,0.908,1.603,1,2,5.949,5.949,6.906,1,0.35,19,3
670c3a0b29d34e1201670dd1,2,8.539,8.539,10.008,1,2,1.602,3.386,4.419,2,2,1.43,1.43,2.918,1,2,1.049,1.988,2.523,2,2,0.987,0.987,2.183,1,2,0.802,0.802,1.401,1,2,1.182,1.182,1.563,1,11,2,1.139,1.139,1.648,1,2,1.118,1.118,1.643,1,2,0.89,0.89,1.492,1,2,2.803,2.803,3.415,1,2,1.225,1.225,1.882,1,2,4.694,4.694,5.241,1,2,5.857,5.857,6.434,1,2,5.697,5.697,6.2,1,2,3.507,3.507,4.127,1,2,0.709,0.709,1.163,1,2,0.517,0.517,1.128,1,2,2.208,2.208,2.82,1,0.6,19,2
6643f7f17540ee80f2d5cf24,1,3.176,3.176,3.977,1,1,1.566,1.566,2.389,1,2,2.014,2.014,2.769,1,1,1.273,1.273,1.896,1,1,2.357,3.041,3.851,2,1,1.855,1.855,2.663,1,2,0.785,0.785,1.406,1,11,2,2.22,2.22,3.407,1,1,0.878,0.878,1.752,1,1,0.895,1.407,2.224,2,1,0.829,0.829,1.66,1,1,2.317,2.317,3.056,1,2,1.311,1.925,2.547,2,1,1.749,3.235,5.27,3,2,0.972,0.972,1.703,1,2,0.829,0.829,1.568,1,1,2.996,2.996,3.798,1,2,0.723,0.723,1.367,1,2,2.712,2.712,3.476,1,0.3,19,3
676cf85a261dedbddea3e240,2,5.421,5.421,6.321,1,2,2.697,2.697,3.897,1,2,4.277,4.277,5.605,1,2,3.936,5.4,6.754,2,1,1.684,1.684,2.392,1,1,1.616,1.616,2.792,1,2,2.173,2.173,3.339,1,11,2,1.67,1.67,2.712,1,1,2.423,2.423,5.145,1,1,2.332,2.332,3.486,1,1,1.67,1.67,2.789,1,2,1.954,1.954,3.042,1,2,1.47,1.47,2.459,1,2,1.753,1.786,2.793,2,2,1.365,1.365,2.056,1,1,1.358,1.358,2.363,1,2,1.498,1.498,2.16,1,1,1.078,1.078,1.729,1,2,3.807,3.807,4.873,1,0.55,19,1
67924313eb24f3a077d26376,2,3.405,3.405,5.095,1,1,2.337,2.337,3.531,1,2,1.304,1.304,2.369,1,2,2.133,2.133,2.998,1,2,1.25,1.25,2.001,1,2,1.452,1.452,2.458,1,2,1.091,1.091,2.104,1,11,2,5.36,5.36,6.264,1,2,0.959,0.959,1.801,1,1,2.712,2.712,3.554,1,2,1.069,1.069,1.972,1,2,2.129,2.129,2.901,1,1,0.64,0.64,1.757,1,1,1.432,1.432,2.331,1,1,1.123,1.123,1.99,1,2,1.031,1.031,1.853,1,2,1.054,1.054,1.8,1,2,1.358,1.358,2.393,1,2,2.694,2.694,3.901,1,0.55,19,3
56fb454534a0d300061a5070,2,4.182,4.182,4.998,1,2,2.774,2.774,3.336,1,2,2.462,2.462,3.093,1,1,5.185,5.185,5.829,1,2,1.08,1.08,1.625,1,2,0.509,0.951,1.527,2,2,0.706,0.706,1.308,1,11,2,2.322,2.322,2.99,1,2,0.601,0.601,1.28,1,1,1.084,1.084,2.134,1,2,0.619,0.619,1.173,1,2,0.712,0.712,1.474,1,2,0.591,0.591,1.204,1,2,0.563,1.158,1.441,2,1,0.755,0.755,1.269,1,2,1.237,1.237,1.791,1,2,0.928,0.928,1.543,1,2,0.746,0.746,1.269,1,2,2.445,2.445,3.573,1,0.45,19,2
5c4bc384b4f50700015dd0a3,1,4.213,4.213,4.915,1,1,1.955,1.955,2.688,1,2,0.802,0.802,1.536,1,2,0.777,0.777,1.749,1,2,0.861,0.861,1.879,1,1,0.83,1.509,2.517,2,2,1.007,1.007,1.553,1,11,1,1.387,1.387,2.062,1,2,0.731,0.731,1.899,1,1,0.897,0.897,1.59,1,2,0.761,0.761,1.413,1,1,0.658,0.658,1.427,1,1,1.046,1.046,1.848,1,1,0.956,0.956,1.707,1,2,1.427,1.427,2.269,1,1,0.789,0.789,1.449,1,2,1.096,1.096,1.854,1,1,0.94,0.94,1.665,1,1,1.496,1.496,2.213,1,0.4,19,1
6643cc75c53f7ffbef7b99ca,1,5.019,5.019,5.826,1,2,1.508,1.508,2.345,1,2,2.271,2.271,3.379,1,2,1.068,1.068,2.091,1,2,1.424,1.424,4.083,1,1,1.684,3.484,4.357,2,1,1.13,1.13,1.95,1,11,2,1.882,1.882,2.858,1,2,0.895,0.895,1.917,1,2,0.978,0.978,2.097,1,2,1.038,1.038,2.212,1,2,1.531,1.531,2.536,1,2,1.616,1.616,2.937,1,2,1.571,1.571,2.546,1,1,1.052,1.052,2.742,1,2,2.26,2.26,3.313,1,2,1.218,1.786,2.688,2,2,0.758,0.758,2.03,1,2,2.1,2.1,3.058,1,0.4,19,1
6738e3c0b433f261dc46a599,1,3.091,3.091,4.504,1,1,3.048,3.048,4.268,1,2,1.251,1.251,2.321,1,2,2,2,3.26,1,2,1.816,1.816,2.81,1,2,1.124,1.124,2.75,1,2,2.934,2.934,4.159,1,11,1,1.385,1.385,2.232,1,1,1.689,1.689,2.721,1,2,1.282,1.282,2.41,1,2,1.498,1.498,2.703,1,2,1.314,1.314,2.373,1,2,1.227,1.227,2.579,1,2,1.001,1.001,2.293,1,1,1.234,1.234,2.353,1,1,1.308,1.308,2.548,1,1,1.274,1.274,2.466,1,2,1.298,1.298,2.438,1,2,4.259,4.259,5.566,1,0.3,19,3
5da7825f634607001172ca6a,1,1.619,1.619,3.072,1,2,1.898,1.898,2.584,1,2,1.259,1.259,2.514,1,2,0.629,0.629,1.135,1,2,0.637,0.637,1.286,1,2,0.971,0.971,1.859,1,2,0.681,0.681,1.449,1,11,2,0.926,0.926,1.504,1,2,0.715,0.715,1.318,1,1,0.468,0.468,0.967,1,2,1.054,1.054,1.59,1,2,0.606,0.606,1.285,1,2,0.497,0.497,1.25,1,2,0.676,0.676,1.308,1,2,0.55,0.55,1.25,1,2,0.579,0.992,1.79,2,2,0.899,0.899,1.788,1,2,0.683,0.683,2.171,1,2,2.4,2.4,3.183,1,0.5,19,2
659c4cb7b44bbfadb4a77dff,2,12.578,12.578,13.683,1,1,3.344,7.101,10.141,2,2,1.971,1.971,5.266,1,2,1.93,1.93,3.539,1,2,1.213,1.213,2.691,1,2,1.466,1.466,3.533,1,2,0.871,0.871,2.255,1,11,2,1.268,1.268,2.521,1,1,1.789,1.789,4.843,1,2,1.165,1.165,2.163,1,2,1.021,1.021,2.341,1,1,1.086,1.086,2.162,1,1,1.27,1.27,2.293,1,2,1.16,1.16,3,1,2,2.111,2.111,3.477,1,2,1.246,1.246,2.445,1,2,1.229,1.229,2.476,1,1,1.176,1.176,2.392,1,1,9.467,9.467,10.827,1,0.7,19,2
610093fb67a014f2230f77bb,2,2.163,2.163,3.066,1,2,2.065,3.107,3.786,2,2,2.597,2.597,3.723,1,2,1.197,1.197,2.26,1,2,1.287,1.287,1.998,1,1,0.616,0.616,1.213,1,2,1.156,1.156,2.361,1,11,1,1.451,2.579,3.098,2,1,0.59,0.59,1.3,1,2,1.03,1.03,1.708,1,1,1.257,1.257,1.801,1,1,0.854,1.664,2.26,2,1,11.915,13.451,13.786,3,2,2.457,2.457,3.04,1,2,1.03,1.03,1.7,1,2,4.251,4.251,5.104,1,1,1.148,1.148,1.964,1,1,1.12,1.12,1.977,1,2,3.404,3.404,5.045,1,0.6,19,3
5ac6e74f9534ba0001c756d5,1,1.141,1.141,2.035,1,1,0.829,0.829,1.405,1,1,0.861,0.861,1.562,1,1,0.475,0.475,1.092,1,1,0.623,0.623,1.221,1,2,1.017,1.017,1.64,1,2,1.434,1.434,2.118,1,11,2,1.001,1.001,1.655,1,1,0.561,0.561,1.201,1,2,1.068,1.068,1.643,1,2,3.097,3.097,3.731,1,2,0.711,0.711,1.239,1,2,0.651,0.651,1.199,1,2,0.917,0.917,1.548,1,1,1.37,1.37,1.779,1,1,0.737,0.737,1.208,1,1,1.377,1.377,2.227,1,2,0.63,0.63,1.292,1,2,2.664,2.664,3.451,1,0.2,19,3
643d681fb11898ee6b771ccf,2,2.715,2.715,5.152,1,2,0.967,0.967,1.924,1,2,1.098,1.735,2.66,2,2,1.337,1.337,2.156,1,2,1.072,1.072,1.945,1,2,1.02,1.02,1.859,1,2,1.084,1.084,2.035,1,11,2,0.94,0.94,1.984,1,2,0.855,0.855,1.78,1,2,1.08,1.08,1.827,1,2,0.886,0.886,1.661,1,2,1.504,1.504,2.501,1,2,0.878,0.878,2.089,1,2,1.453,1.453,2.378,1,2,1.186,1.186,2.3,1,2,0.77,0.77,1.469,1,2,1.137,1.137,1.985,1,2,1.137,2.147,2.833,2,2,2.601,2.601,3.462,1,0.6,19,1
65055af809999c0ee7cee26d,1,3.186,4.078,4.8,2,1,1.004,1.004,1.832,1,2,0.963,1.765,2.312,2,1,0.525,1.207,2.079,2,2,1.003,1.453,2.428,2,2,1.301,1.301,2.035,1,2,0.79,0.79,1.636,1,11,2,0.96,0.96,1.792,1,1,0.819,1.23,1.851,2,1,0.731,0.731,1.3,1,1,0.828,1.258,1.9,2,2,0.666,0.666,1.365,1,2,1.062,1.062,1.766,1,2,0.721,0.721,1.319,1,2,0.836,1.47,1.878,2,2,1.287,1.287,2.093,1,2,1.191,1.191,2.092,1,2,1.038,1.038,1.991,1,2,0.914,0.914,2.195,1,0.5,19,2
62c345831d3aed7142af2c6f,1,1.986,1.986,2.961,1,2,0.934,0.934,1.602,1,2,1.15,1.15,2.38,1,2,0.749,0.749,1.645,1,2,0.94,0.94,1.935,1,2,0.922,0.922,1.786,1,2,0.801,0.801,1.786,1,11,2,0.84,0.84,1.656,1,2,0.626,0.626,1.356,1,2,0.756,0.756,1.79,1,2,0.966,0.966,1.681,1,2,0.959,0.959,1.765,1,2,0.752,0.752,1.562,1,2,0.709,0.709,1.259,1,2,0.701,0.701,1.286,1,2,1.064,1.064,1.651,1,2,0.932,0.932,1.582,1,2,0.755,1.359,1.383,2,2,2.894,2.894,4.898,1,0.55,19,2
66f6f78c68246dd27f4dcc05,2,5.021,5.021,6.135,1,2,3.801,6.376,7.619,2,1,2.155,2.155,3.654,1,1,2.082,18.426,19.564,3,2,0.905,0.905,2.229,1,2,1.22,2.175,3.92,2,2,1.676,1.676,3.291,1,11,2,1.048,1.048,2.508,1,1,0.67,0.67,4.933,1,1,1.363,1.363,2.659,1,2,0.992,0.992,2.57,1,2,1.7,1.7,3.2,1,2,0.795,0.795,1.879,1,1,1.032,1.032,2.453,1,2,1.231,1.231,2.171,1,1,1.241,1.241,2.459,1,1,2.784,2.784,4.209,1,2,1.807,1.807,2.982,1,2,3.344,3.344,4.33,1,0.5,19,2
5be4c8d0d4079000014c0998,2,4.838,5.671,5.998,2,1,4.643,4.643,5.456,1,2,1.269,1.269,1.711,1,2,1,1,1.947,1,2,0.905,0.905,1.562,1,1,1.954,1.954,2.566,1,2,0.806,0.806,1.486,1,11,1,3.956,3.956,4.684,1,1,2.246,2.572,3.879,2,1,1.067,1.067,1.673,1,2,1.064,1.064,1.7,1,1,1.055,1.055,1.652,1,2,1.52,1.52,2.225,1,2,2.631,2.631,3.173,1,2,0.791,0.791,1.403,1,1,0.559,0.559,1.158,1,2,0.512,0.512,1.008,1,2,0.572,1.181,1.985,2,1,3.441,3.441,4.538,1,0.35,19,1
65de38960d4f2144350e67a2,2,5.951,5.951,7.847,1,1,2.736,2.736,4.732,1,1,4.795,4.795,6.057,1,2,1.619,1.619,3.728,1,2,1.88,1.88,3.35,1,2,1.653,1.653,3.414,1,2,1.522,1.522,2.997,1,11,2,1.522,1.522,3.073,1,1,1.816,1.816,3.511,1,2,1.746,1.746,3.297,1,2,1.359,1.359,2.869,1,2,1.579,1.579,3.335,1,1,1.431,1.431,2.989,1,2,1.397,1.397,3.068,1,2,1.516,1.516,3.165,1,1,1.441,1.441,3.018,1,2,1.79,1.79,3.412,1,2,1.606,1.606,3.418,1,2,3.639,3.639,5.414,1,0.35,19,1
5de90f54a48441037ac21f43,2,4.97,4.97,5.797,1,2,1.055,1.055,2.613,1,2,1.232,1.232,1.987,1,2,1.017,1.017,1.601,1,2,0.701,0.701,1.712,1,2,1.19,1.19,1.888,1,2,0.737,0.737,1.572,1,11,2,2.777,2.777,3.767,1,2,0.695,0.695,1.465,1,2,0.699,0.699,1.74,1,2,0.819,0.819,1.494,1,2,0.599,0.599,1.449,1,2,0.927,0.927,1.651,1,2,0.61,0.61,1.25,1,2,0.808,0.808,1.291,1,2,1.13,1.13,1.933,1,2,1.075,1.075,1.926,1,2,0.63,0.63,1.346,1,2,6.214,6.214,7.354,1,0.6,19,2
66ddf8831169515306f3ca83,2,3.018,3.018,3.916,1,2,2.71,2.71,3.575,1,2,4.748,4.748,5.665,1,2,1.636,1.636,2.4,1,2,1.437,1.437,2.401,1,2,5.207,5.207,6.246,1,2,1.808,1.808,2.579,1,11,2,1.544,1.544,4.516,1,2,3.104,3.104,3.923,1,2,4.036,4.036,5.171,1,2,1.75,1.75,2.82,1,2,2.344,2.344,3.401,1,2,1.54,1.54,2.296,1,1,6.735,6.735,7.845,1,2,2.767,2.767,3.569,1,2,2.177,2.177,3.71,1,2,2.905,2.905,5.796,1,2,1.842,1.842,2.852,1,2,2.954,2.954,3.997,1,0.65,19,3
60a572b74e77a2e7272386ea,1,7.759,7.759,11.703,1,2,5.66,5.66,6.328,1,2,1.44,1.44,2.323,1,2,3.575,3.575,4.308,1,1,0.942,0.942,1.798,1,2,1.413,1.413,2.119,1,2,0.985,0.985,1.812,1,11,2,1.623,1.623,2.183,1,2,1.476,1.476,2.088,1,2,1.689,1.689,2.306,1,2,5.802,5.802,6.798,1,2,1.559,1.559,2.173,1,2,5.611,5.611,6.483,1,2,1.69,1.69,2.362,1,2,1.079,1.079,1.631,1,2,1.143,1.143,1.889,1,2,2.012,2.012,2.894,1,2,2.538,2.538,3.242,1,2,3.92,3.92,7.031,1,0.5,19,3
5d1511f1e814b800016108a6,2,6.111,6.111,7.558,1,2,1.621,1.621,3.202,1,2,2.028,2.028,3.154,1,1,1.254,1.254,2.334,1,2,1.002,1.002,2.925,1,2,1.42,1.42,2.315,1,2,1.119,1.119,2.667,1,11,2,0.892,4.736,5.959,2,2,1.702,1.702,3.048,1,1,0.867,0.867,2.059,1,2,0.946,0.946,2.574,1,2,1.056,1.056,2.355,1,2,0.83,0.83,2.097,1,2,1.03,1.03,2.559,1,2,0.793,0.793,1.702,1,1,1.285,1.285,2.158,1,2,1.386,1.386,2.608,1,2,1.057,1.057,2.207,1,2,3.276,3.276,4.705,1,0.45,19,2
5db0e17518230d00170d4332,1,13.769,13.769,15.671,1,1,1.118,1.118,2.564,1,2,0.617,0.617,1.781,1,2,1.102,1.102,2.259,1,2,2.568,2.568,3.75,1,2,0.864,0.864,1.997,1,2,0.772,0.772,1.912,1,11,2,0.633,0.633,1.509,1,1,0.821,1.485,1.816,2,2,1.119,1.119,2.101,1,2,1.357,1.357,2.218,1,1,0.771,0.771,1.678,1,1,0.973,0.973,1.808,1,2,0.814,0.814,1.633,1,1,0.975,0.975,2.049,1,1,0.751,1.679,2.083,2,2,0.745,0.745,1.471,1,1,1.562,1.562,2.335,1,1,5.442,5.442,6.373,1,0.35,19,3
66f4352fdbefea82e40806c7,2,9.367,9.367,10.855,1,1,3.21,3.21,4.2,1,2,1.136,1.136,2.387,1,1,2.565,2.565,3.697,1,1,4.473,4.473,5.351,1,2,2.795,2.795,3.9,1,1,1.585,1.585,2.765,1,11,2,2.118,2.118,3.24,1,2,1.343,1.343,2.7,1,1,3.435,3.435,4.687,1,2,4.614,4.614,5.79,1,2,2.169,2.169,3.301,1,2,1.336,1.336,2.644,1,1,3.385,3.385,4.83,1,1,1.749,1.749,3.054,1,1,1.092,1.092,2.286,1,2,1.533,1.533,2.388,1,2,2.567,2.567,3.6,1,2,3.758,3.758,4.64,1,0.5,19,1
559d9916fdf99b1e2b2dc6b8,2,4.009,4.009,6.251,1,2,3.007,3.007,4.622,1,1,1.778,1.778,3.36,1,2,1.856,1.856,3.392,1,2,2.156,2.156,3.363,1,1,4.166,4.166,5.533,1,1,2.332,2.332,3.869,1,11,1,1.56,1.56,2.908,1,1,2.708,2.708,4.033,1,2,1.511,1.511,3.013,1,2,4.45,4.45,6.262,1,1,2.091,2.091,3.697,1,1,1.442,1.442,3.316,1,1,2.206,2.206,3.507,1,2,1.355,1.355,2.577,1,2,1.986,1.986,3.264,1,1,1.542,1.542,3.465,1,2,1.789,1.789,3.23,1,2,4.447,4.447,6.106,1,0.8,19,3
650f0d7f288f6e42c03c4835,2,2.105,2.105,3.66,1,2,1.244,3.106,3.988,2,2,0.79,2.302,3.23,2,2,0.543,0.543,1.55,1,2,0.693,0.693,2.439,1,2,2.752,2.752,4.001,1,2,0.959,0.959,2.168,1,1,2,1.031,1.419,2.618,2,2,0.892,0.892,1.721,1,2,0.943,0.943,2.025,1,2,0.829,0.829,2.352,1,2,0.806,0.806,1.786,1,2,1.07,1.07,2.03,1,2,0.865,0.865,1.8,1,2,0.538,0.538,1.416,1,2,0.688,0.688,1.654,1,2,1.254,1.254,2.035,1,2,0.88,0.88,1.89,1,2,3.047,3.047,4.562,1,0.6,19,3
60fca0fc5d7a65f146a1c6c6,2,4.251,4.251,4.907,1,2,2.029,2.029,2.633,1,2,1.131,1.131,1.725,1,2,0.658,0.658,1.802,1,2,0.9,0.9,1.532,1,1,1.283,1.283,1.82,1,2,0.99,0.99,1.612,1,11,2,0.677,0.677,1.297,1,2,0.861,0.861,2.468,1,2,0.456,0.456,0.996,1,2,0.945,0.945,1.644,1,2,1.938,1.938,2.4,1,2,2.149,2.914,3.162,3,2,0.669,0.669,1.3,1,2,0.59,0.59,1.138,1,2,0.521,0.521,1.052,1,2,0.548,0.548,1.129,1,2,0.595,0.595,1.1,1,2,1.665,1.665,4.212,1,0.55,19,1
5f218f86a3a5b05784d9d371,1,7.444,7.444,8.621,1,1,1.332,1.332,1.402,1,1,0,0,2.223,0,1,0,0,3.208,0,2,0,0,1.006,0,2,0,0,1.428,0,2,0,0,0.825,0,11,2,0,0,0.673,0,2,0,0,0.723,0,1,0,0,1.172,0,2,0,0,0.762,0,2,0,0,1.015,0,2,0,0,0.769,0,2,0,0,0.99,0,2,0,0,0.895,0,2,0,0,0.736,0,2,0,0,2.939,0,2,0,0,0.956,0,2,0,0,4.052,0,0,19,2
5aee513f3606ab0001b92b29,1,3.036,3.036,4.078,1,2,1.265,1.265,2.168,1,2,1.065,1.065,1.726,1,2,0.545,1.213,2.087,2,2,0.623,0.623,1.415,1,2,0.588,0.588,1.806,1,2,1.101,1.101,1.931,1,11,1,0.843,0.843,1.574,1,1,0.501,0.501,1.264,1,2,0.375,0.375,1.067,1,2,0.57,0.57,1.975,1,2,0.516,0.516,1.339,1,2,0.759,0.759,1.36,1,2,0.7,0.7,1.401,1,1,0.521,1.096,1.434,2,2,0.449,0.449,1.371,1,2,0.808,1.281,2.047,2,2,0.728,0.728,1.505,1,2,2.137,2.137,3.038,1,0.5,19,3
669c13abec22054c1cce02e2,1,3.062,3.062,4.066,1,2,2.825,2.825,3.591,1,1,2.521,2.521,3.697,1,2,1.243,1.243,2.037,1,2,1.198,1.198,2,1,2,1.5,1.5,2.257,1,2,1.523,1.523,2.382,1,11,2,1.277,1.277,2.226,1,2,1.143,1.143,1.966,1,2,1.16,2.273,3.196,2,2,1.491,1.491,2.453,1,2,1.327,1.327,2.2,1,2,1.309,1.645,2.553,2,2,0.993,0.993,1.86,1,2,1.2,1.2,2.098,1,2,0.964,0.964,1.953,1,2,2.179,2.179,3.067,1,2,1.59,1.59,2.462,1,2,4.334,4.334,5.388,1,0.5,19,1
5c3e359b08a31d000166b9aa,1,3.322,3.322,4.242,1,1,3.405,3.405,4.175,1,2,0.957,0.957,1.811,1,1,1.44,2.506,2.993,2,1,0.71,0.71,1.481,1,1,3.12,3.12,3.757,1,2,0.629,0.629,1.433,1,11,2,0.99,0.99,2.129,1,2,1.31,1.31,1.979,1,2,1.05,1.05,1.854,1,2,0.598,0.598,1.569,1,2,1.109,1.109,1.947,1,1,1.012,1.012,1.917,1,2,1.722,1.722,3.511,1,2,0.855,0.855,1.674,1,2,1.365,1.365,2.384,1,2,1.433,1.433,2.22,1,2,0.807,0.807,1.51,1,2,2.083,2.083,2.82,1,0.4,19,3
6238b95932e705108020765a,1,4.443,5.547,5.766,2,2,0.815,0.815,1.594,1,2,0.663,0.663,1.362,1,2,0.628,0.628,1.246,1,1,0.713,0.713,1.435,1,2,0.623,0.623,1.257,1,2,0.549,2.405,3.184,2,11,1,0.765,0.765,1.407,1,1,0.619,0.619,1.222,1,2,0.606,0.606,1.241,1,2,0.535,0.535,1.041,1,2,0.472,0.472,1.081,1,1,0.55,0.55,1.368,1,2,0.512,0.512,1.098,1,2,0.54,0.54,1.086,1,1,0.675,0.675,1.389,1,1,1.006,1.006,1.76,1,2,0.644,1.228,1.966,2,1,4.31,4.31,5.007,1,0.4,19,3
63f3ed3911c9f6d12570897e,1,1.617,1.903,2.32,2,1,1.201,1.201,1.702,1,2,0.525,0.525,1.179,1,1,1.631,1.631,2.163,1,1,0.447,0.447,1.032,1,2,0.523,0.523,1.07,1,1,0.567,1.087,1.728,2,11,2,0.861,0.861,1.319,1,1,0.579,0.579,0.987,1,2,0.404,0.404,0.94,1,2,0.801,0.801,1.367,1,1,0.629,0.629,1.228,1,1,0.617,0.617,1.358,1,2,0.53,1.049,1.28,2,1,0.609,0.609,1.231,1,2,0.716,0.981,1.718,2,2,0.661,0.873,1.281,2,2,1.086,1.086,1.62,1,2,3.202,3.202,3.681,1,0.35,19,1
677601065642ec4c09a1a933,1,9.982,9.982,12.326,1,2,1.646,1.646,2.84,1,2,3.409,3.409,4.156,1,1,1.032,1.032,1.834,1,2,1.093,1.093,2.048,1,1,2.519,2.519,3.313,1,1,0.796,0.796,1.598,1,11,1,1.118,1.118,1.707,1,2,2.198,2.198,2.84,1,1,0.975,0.975,1.842,1,1,0.885,0.885,1.513,1,1,2.955,2.955,3.636,1,1,0.731,0.731,1.429,1,2,1.217,1.217,1.979,1,2,1.014,1.014,3.255,1,2,2.682,2.682,3.581,1,1,1.108,1.108,2.046,1,1,2.702,2.702,3.678,1,1,5.327,5.327,6.304,1,0.55,19,3
60fccbb73c51e6d3af5fca5c,2,5.143,5.143,7.602,1,2,5.325,5.325,6.368,1,2,7.333,7.333,8.702,1,2,1.633,1.633,2.73,1,1,1.425,1.425,2.535,1,1,1.661,1.661,3.142,1,2,1.601,1.601,2.867,1,11,2,1.744,1.744,3.293,1,1,1.268,1.268,2.425,1,1,1.286,1.286,2.54,1,1,1.917,1.917,3.272,1,2,1.511,1.511,2.751,1,2,1.285,1.285,2.462,1,2,1.128,1.128,2.388,1,2,1.241,1.241,2.573,1,1,1.281,1.281,2.312,1,2,1.495,1.495,2.58,1,1,1.733,1.733,2.89,1,2,5.424,5.424,6.6,1,0.55,19,1
6643f08978c19c6cf8de82d4,1,0.997,0.997,1.719,1,1,0.739,0.739,1.308,1,2,0.882,1.854,2.505,3,1,1.001,1.001,1.693,1,1,0.896,0.896,1.529,1,2,0.868,0.868,1.449,1,1,2.176,2.176,2.799,1,11,2,2.245,2.245,2.91,1,2,0.971,0.971,1.509,1,1,0.914,0.914,1.712,1,1,0.949,0.949,1.791,1,2,1.598,1.598,2.257,1,2,28.487,28.969,29.624,2,1,0.078,1.046,1.67,2,2,1.303,1.303,2.01,1,2,31.574,32.093,32.351,2,1,0.798,0.798,1.663,1,2,0.922,0.922,1.696,1,1,1.285,1.285,1.941,1,0.4,19,2
5ac4c730f69e940001d977e1,1,1.418,1.418,2.41,1,2,3.689,3.689,5.134,1,1,0.025,0.445,1.407,3,1,0.699,0.699,1.679,1,1,0.19,0.623,1.714,2,2,0.536,0.536,1.515,1,2,0.153,1.161,2.425,2,11,2,0.832,1.961,3.222,2,1,0.619,0.619,1.625,1,1,0.407,0.407,1.452,1,2,0.311,1.451,2.074,2,2,0.015,0.58,1.882,2,2,0.418,0.418,1.532,1,2,14.308,15.114,15.68,2,2,0.203,1.291,1.783,2,1,1.143,1.143,2.081,1,1,1.964,1.964,2.951,1,1,0.386,0.386,1.104,1,2,0.418,4.948,5.967,4,0.35,19,2
639fdcf5efa9e98ed809d0df,2,7.469,7.469,9.257,1,2,3.924,3.924,5.297,1,2,4.768,4.768,6.057,1,1,2.826,2.826,4.267,1,1,2.931,2.931,4.585,1,2,2.036,2.036,3.158,1,2,2.271,2.271,3.56,1,11,2,3.107,3.107,4.43,1,2,2.543,2.543,3.95,1,2,2.172,2.172,3.36,1,1,2.185,2.185,3.574,1,1,1.674,1.674,2.662,1,1,2.588,2.588,3.86,1,2,1.533,1.533,2.29,1,1,1.736,1.736,2.573,1,2,1.771,1.771,2.958,1,2,2.577,2.577,3.749,1,2,2.842,2.842,4.012,1,2,4.64,4.64,5.977,1,0.4,19,2
63b703a29611ae603966dac3,2,5.032,5.032,6.599,1,1,2.495,4.093,5.533,2,2,1.125,2.157,3.243,2,2,1.558,1.558,2.975,1,1,0.983,0.983,2.067,1,2,1.85,1.85,3.834,1,2,0.867,0.867,1.952,1,11,1,1.4,2.513,3.285,2,2,1.063,1.063,2.048,1,1,1.159,1.159,2.343,1,2,1.071,1.071,2.301,1,1,1.073,1.073,2.269,1,1,1.015,1.015,2.548,1,2,1.1,1.499,2.865,2,1,0.907,0.907,1.973,1,2,2.295,2.295,3.483,1,2,1.791,1.791,2.73,1,2,1.183,1.183,2.532,1,2,5.183,5.183,6.636,1,0.45,19,1
5cba50bf114fa5001aac5570,1,5.16,5.16,6.948,1,2,1.137,1.137,2.765,1,2,1.656,1.656,2.954,1,2,1.272,1.272,2.475,1,2,1.391,1.391,2.647,1,2,1.093,1.093,2.216,1,2,0.943,0.943,3.476,1,11,2,1.243,1.243,2.053,1,2,1.711,1.711,2.592,1,2,1.54,1.54,2.48,1,2,1.498,1.498,3.15,1,2,1.8,1.8,3.131,1,2,1.719,1.719,3.003,1,2,1.775,1.775,2.758,1,1,1.349,1.349,2.419,1,1,1.154,1.154,1.986,1,2,1.842,1.842,3.135,1,2,1.866,1.866,2.833,1,2,3.626,3.626,5.318,1,0.35,19,3
5b4991de56e0140001acb76b,2,3.924,3.924,4.944,1,2,2.634,2.634,3.856,1,2,1.294,1.294,2.014,1,1,1.051,1.051,2.393,1,1,0.704,0.704,1.494,1,1,2.186,2.186,3.107,1,2,0.904,1.42,2.058,2,11,1,0.685,0.685,1.401,1,2,1.139,1.139,2.415,1,2,0.966,0.966,2.152,1,1,1.661,1.661,3.353,1,2,0.592,0.592,1.597,1,2,1.455,1.455,2.344,1,2,1.689,1.689,2.811,1,2,1.22,1.22,2.057,1,1,0.781,0.781,1.735,1,2,0.703,0.703,1.427,1,2,0.512,0.512,1.349,1,2,2.714,2.714,3.401,1,0.4,19,2
67d98fdc3119bc87d2012ac3,2,3.666,3.666,6.499,1,2,2.099,2.099,3.061,1,2,1.076,1.857,2.413,2,2,2.031,2.031,2.933,1,1,0.775,0.775,1.66,1,1,1.013,1.013,2.066,1,2,0.543,1.626,2.437,3,11,2,0.917,0.917,2.05,1,1,0.659,0.659,1.464,1,1,0.568,1.101,1.304,2,2,0.65,1.387,1.846,2,2,0.686,0.686,1.715,1,1,1.048,1.048,1.699,1,2,0.353,0.788,1.538,2,2,0.598,0.914,1.47,2,1,0.509,1.097,1.607,2,1,0.796,0.796,1.592,1,2,0.494,1.029,1.268,2,2,8.903,10.345,11.532,2,0.35,19,1
65edd3b5dab4b33aaf29cbd0,2,8.039,8.039,8.966,1,1,5.62,5.62,6.433,1,2,14.905,14.905,15.541,1,1,2.439,2.439,3.164,1,1,0.967,0.967,2.003,1,2,8.418,8.418,9.029,1,1,2.802,3.661,4.409,2,11,2,4.58,4.58,5.263,1,2,0.718,0.718,1.289,1,1,1.742,1.742,2.219,1,1,0.864,0.864,1.507,1,1,0.622,0.622,1.651,1,2,0.853,0.853,1.562,1,2,0.803,0.803,1.359,1,1,0.65,0.65,1.286,1,2,1.564,1.564,2.327,1,1,1.1,1.1,1.624,1,1,1.054,1.054,1.627,1,2,4.87,4.87,5.698,1,0.4,19,2
6480bdf6d433e2e158870605,2,2.847,2.847,4.066,1,2,2.57,2.57,3.28,1,2,1.016,1.016,1.731,1,2,0.8,0.8,1.565,1,2,1.344,1.344,2.197,1,1,1.138,1.138,2.03,1,1,1.367,1.367,2.144,1,11,2,1.322,1.322,2.223,1,2,0.773,0.773,1.712,1,2,1.066,1.066,1.995,1,2,0.754,0.754,1.467,1,1,1.318,1.318,2.273,1,2,1.399,1.399,2.579,1,2,1.872,1.872,2.641,1,2,0.949,0.949,1.742,1,2,0.628,0.628,1.405,1,2,1.624,1.624,2.496,1,2,1.373,1.373,2.273,1,2,5.364,5.364,6.14,1,0.45,19,1
6658cfeabc17230af657cb83,1,3.401,3.401,4.298,1,1,1.2,1.2,2,1,1,6.401,6.401,7.499,1,1,3.5,3.5,4.4,1,1,18,18,18.901,1,1,1.801,1.801,2.635,1,2,1.8,1.8,2.3,1,11,2,1.302,1.302,2.134,1,1,1.6,1.6,2.284,1,2,0.6,0.6,1.37,1,1,0.5,0.5,1.189,1,1,4.2,4.2,4.701,1,1,0.601,0.601,1.405,1,2,0.905,0.905,1.969,1,1,1.101,1.101,1.757,1,2,0.901,0.901,2.446,1,1,2.801,2.801,3.478,1,1,1.4,1.4,1.902,1,2,3.201,3.201,4.591,1,0.35,19,3
574eab79c18847000e071119,2,2.887,2.887,4.014,1,2,1.976,3.14,3.983,2,1,2.094,2.094,2.725,1,2,2.97,2.97,3.941,1,1,2.745,2.745,3.604,1,2,1.473,1.473,2.376,1,2,1.749,1.749,2.419,1,11,1,1.169,1.169,1.952,1,1,1.069,1.069,2.004,1,2,0.926,0.926,2.405,1,1,1.723,1.723,2.814,1,2,0.933,0.933,1.601,1,2,0.724,0.724,1.652,1,1,1.155,1.155,1.873,1,1,2.143,2.984,3.714,2,2,1.255,1.255,2.021,1,2,1.185,1.185,1.989,1,2,2.735,2.735,3.494,1,2,3.496,3.496,4.419,1,0.55,19,3
66293cc1dcfaa310dd0f711b,1,4.593,4.593,6.249,1,2,2.842,2.842,4.116,1,2,1.151,1.151,2.19,1,2,0.945,0.945,1.917,1,2,0.825,0.825,1.865,1,2,0.696,0.696,1.868,1,2,0.771,0.771,1.842,1,11,2,0.758,0.758,1.796,1,2,1.209,1.209,2.132,1,2,0.93,0.93,1.969,1,2,1.364,1.364,2.419,1,2,1.055,1.055,1.993,1,2,1.052,1.052,2.056,1,2,1.019,1.019,2.024,1,2,0.539,0.539,1.528,1,2,1.14,1.14,2.262,1,2,0.924,0.924,2.063,1,2,0.804,0.804,2.694,1,2,2.236,2.236,3.708,1,0.55,19,3
670d39fbae5e843c48648770,1,9.734,9.734,11.294,1,2,4.493,4.493,5.462,1,2,2.54,2.54,3.54,1,2,2.77,2.77,3.765,1,2,3.861,3.861,4.749,1,2,1.76,1.76,3.559,1,1,1.559,1.559,2.75,1,11,2,1.76,1.76,2.637,1,1,1.862,1.862,2.502,1,1,1.316,1.316,2.001,1,2,1.276,1.276,2.101,1,1,2.14,2.14,2.993,1,2,1.069,1.069,1.801,1,2,1.132,1.132,3.927,1,1,1.213,1.213,2.054,1,2,1.065,1.065,1.85,1,1,2.681,2.681,3.301,1,2,2.501,2.501,3.425,1,2,3.719,3.719,4.645,1,0.25,19,1
6642690a93cc7510324fc235,2,3.391,3.391,4.184,1,1,1.64,1.64,2.33,1,1,0.985,0.985,1.615,1,1,0.85,0.85,1.456,1,2,0.666,0.666,2.039,1,1,1.25,1.25,1.898,1,2,1.787,1.787,2.272,1,11,2,1.902,1.902,2.519,1,2,0.896,0.896,1.4,1,1,1.07,1.07,1.751,1,2,1.504,1.504,2.18,1,2,1.684,1.684,2.4,1,1,1.165,1.165,1.77,1,2,0.734,0.734,1.45,1,1,1.032,1.032,1.496,1,1,0.768,0.768,1.354,1,1,0.703,0.703,1.258,1,1,5.374,5.374,6.022,1,2,5.727,5.727,6.548,1,0.3,19,1
63e7f2a754618d35c2b61ba5,2,2.93,2.93,4.372,1,1,3.051,3.051,4.602,1,2,4.069,4.069,5.344,1,2,1.811,1.811,2.801,1,2,0.982,0.982,2.005,1,2,1.07,1.07,2.894,1,2,0.973,0.973,2.162,1,11,2,0.86,0.86,1.755,1,1,0.603,0.603,1.685,1,1,2.725,2.725,3.658,1,1,1.185,1.185,2.237,1,1,0.891,0.891,2.342,1,1,0.797,0.797,1.772,1,1,0.804,0.804,1.67,1,1,0.731,0.731,1.854,1,1,0.629,0.629,2.062,1,2,2.6,2.6,3.625,1,2,1.211,1.211,2.009,1,1,4.208,7.416,8.9,2,0.35,19,3
67e9c0ac4df4f1277c9a299b,2,5.73,5.73,7.722,1,2,3.642,3.642,4.538,1,2,2.403,2.403,3.77,1,2,1.854,1.854,2.84,1,2,1.791,1.791,2.913,1,2,1.715,1.715,3.435,1,2,1.864,1.864,3.373,1,11,2,1.772,1.772,2.849,1,2,1.009,1.009,2.101,1,2,1.398,1.398,2.7,1,2,1.394,1.394,2.617,1,2,1.513,1.513,2.682,1,2,0.929,0.929,1.945,1,2,1.005,1.005,1.919,1,2,1.082,1.082,2.037,1,2,1.109,1.109,2.065,1,2,1.005,1.005,2.4,1,2,1.048,1.048,2.436,1,2,3.613,3.613,4.931,1,0.6,19,2
66378a62ca08e5f5997804f5,1,0.852,0.852,1.634,1,1,5.486,5.486,6.376,1,2,6.344,6.344,9.729,1,2,0.978,0.978,2.022,1,2,1.147,2.046,2.463,2,1,0.894,0.894,1.599,1,1,0.568,0.568,1.621,1,11,2,0.778,0.778,1.621,1,2,0.757,0.757,1.556,1,2,0.7,0.7,1.5,1,2,1.022,1.514,2.305,2,1,2.877,2.877,3.656,1,2,0.787,0.787,1.653,1,2,1.255,1.255,2.098,1,1,7.516,7.516,8.357,1,1,0.715,0.715,1.401,1,1,1.031,1.031,2.054,1,2,0.876,0.876,1.625,1,1,1.54,1.54,2.286,1,0.2,19,1
63bf8a649931574320e98357,2,3.811,3.811,4.613,1,2,1.181,1.181,1.912,1,2,0.735,0.735,1.642,1,2,0.626,0.626,1.196,1,2,0.816,0.816,1.45,1,1,0.868,0.868,1.503,1,2,0.86,0.86,1.478,1,11,2,0.634,0.634,1.157,1,2,0.642,1.138,1.365,2,1,0.711,0.711,1.394,1,2,0.735,0.735,1.323,1,2,0.623,0.623,1.13,1,1,0.413,1.333,1.56,3,1,0.687,0.687,1.266,1,2,0.93,0.93,1.637,1,2,0.755,0.755,1.447,1,2,0.746,0.746,1.446,1,2,0.607,0.607,1.568,1,2,3.76,3.76,4.395,1,0.5,19,1
66be3e63f7f02b835c55acbc,1,5.205,5.205,6.44,1,2,2.365,5.357,6.084,2,2,2.078,2.078,3.531,1,1,1.418,1.418,2.1,1,1,1.657,1.657,2.911,1,1,1.044,1.044,2.2,1,2,1.612,1.612,2.594,1,11,1,1.367,1.367,2.788,1,1,1.36,1.36,2.351,1,1,1.771,1.771,2.714,1,2,0.929,0.929,1.844,1,2,0.986,0.986,2.162,1,2,1.895,1.895,3.272,1,2,1.416,1.416,2.592,1,2,0.966,0.966,1.899,1,2,2.124,2.124,2.797,1,2,1.223,1.223,2.249,1,2,0.999,0.999,2.065,1,2,4.64,5.467,6.005,2,0.35,19,3
671104a3b307bee2953cb286,1,4.073,4.073,6.727,1,2,3.182,3.182,4.881,1,1,2.585,5.121,9.175,2,2,2.145,2.145,3.42,1,2,4.081,4.081,5.256,1,1,1.266,1.266,2.959,1,1,1.382,1.382,2.568,1,11,2,1.207,1.207,2.361,1,2,1.655,1.655,4.665,1,2,4.034,4.034,5.172,1,2,1.617,1.617,2.873,1,2,1.18,1.18,2.326,1,2,2.633,2.633,3.891,1,1,1.599,1.599,2.82,1,2,1.258,1.258,2.769,1,2,1.289,1.289,2.766,1,1,1.71,1.71,2.829,1,1,1.446,1.446,2.789,1,2,3.566,3.566,4.688,1,0.45,19,2
5e837e917441520b9c662931,2,5.229,5.229,6.566,1,2,2.118,2.118,3.578,1,2,1.885,1.885,2.469,1,2,1.196,1.196,3.238,1,1,3.988,3.988,5.595,1,1,1.392,1.392,2.682,1,2,1.266,1.266,3.061,1,11,2,1.323,1.323,2.966,1,1,1.216,1.216,2.464,1,2,0.926,0.926,2.038,1,2,1.625,1.625,2.963,1,2,1.128,1.128,2.621,1,1,1.808,1.808,2.848,1,1,1.199,1.199,2.56,1,2,0.968,0.968,2.021,1,2,0.999,0.999,2.264,1,1,1.324,1.324,2.687,1,1,2.188,2.188,3.495,1,2,4.896,4.896,6.488,1,0.55,19,1
6630507adb67ce41b671eea9,2,3.791,3.791,4.702,1,1,4.1,4.1,5.215,1,1,2.105,2.105,2.89,1,2,1.417,1.417,2.256,1,1,1.37,1.37,2.481,1,1,2.291,2.291,3.286,1,2,28.11,28.11,29.039,1,11,2,7.36,7.36,8.397,1,1,2.528,2.528,3.346,1,1,1.059,1.059,2.027,1,2,0.55,0.55,1.382,1,2,1.123,1.123,2.19,1,2,7.759,7.759,8.621,1,2,2.597,2.597,3.633,1,2,6.925,6.925,7.715,1,1,2.001,3.196,3.733,2,1,5.55,6.346,6.836,2,2,4.229,4.229,5.324,1,2,7.073,7.073,7.867,1,0.45,19,2
6781935f0fbff63cc8eb3595,1,9.227,9.227,10.619,1,2,3.5,3.5,5.623,1,2,2.673,2.673,3.944,1,2,4.916,4.916,6.523,1,1,1.791,1.791,2.841,1,1,1.599,1.599,2.642,1,1,2.871,2.871,4.278,1,11,1,2.197,2.197,3.493,1,1,2.54,2.54,4.736,1,1,1.418,1.418,2.537,1,2,1.489,1.489,2.555,1,2,1.381,1.381,3.021,1,1,0.99,0.99,1.966,1,1,2.579,2.579,4.212,1,1,9.704,9.704,13.588,1,1,1.958,1.958,3.678,1,1,2.138,2.138,3.605,1,2,1.843,1.843,2.929,1,2,9.682,9.682,12.33,1,0.35,19,3
627e6d46440b9a1d01fb1d32,1,4.273,4.273,6.344,1,1,4.374,4.374,6.191,1,1,3.788,3.788,5.109,1,2,5.541,5.541,6.745,1,2,3.888,3.888,5.105,1,1,1.661,1.661,3.378,1,1,2.37,2.37,3.659,1,11,2,2.346,2.346,3.685,1,1,1.034,1.034,2.094,1,2,5.248,5.248,6.507,1,1,1.983,1.983,3.175,1,1,4.182,4.182,5.6,1,1,2.704,2.704,4.17,1,2,4.275,4.275,5.626,1,2,2.089,2.089,3.464,1,1,2.354,2.354,3.799,1,2,1.477,1.913,3.086,2,2,1.003,1.003,2.227,1,2,2.524,2.524,3.964,1,0.4,19,2
662a5d4dabae70ece2dfcc21,1,5.585,5.585,7.982,1,1,7.749,7.749,10.373,1,2,1.615,1.615,3.041,1,2,3.953,3.953,5.701,1,1,1.298,1.298,2.428,1,2,1.483,2.29,3.83,2,1,1.133,1.133,2.238,1,11,1,3.372,3.372,5.997,1,2,1.265,1.265,3.087,1,1,1.536,1.536,3.14,1,2,1.938,1.938,3.467,1,1,1.23,1.23,3.184,1,1,1.087,1.087,3.255,1,2,0.727,1.935,2.5,2,1,0.974,0.974,2.447,1,2,1.643,1.643,3.4,1,1,1.563,1.563,2.801,1,2,1.99,1.99,3.275,1,2,5.657,5.657,7.401,1,0.3,19,1
6689a1fe29a96f94df7e4052,2,1.906,1.906,2.737,1,1,1.892,1.892,2.955,1,2,1.186,1.186,2.063,1,2,1.404,1.404,2.422,1,2,1.318,1.318,2.318,1,1,1.246,1.246,1.992,1,2,1.155,1.155,1.913,1,11,1,1.651,1.651,2.32,1,2,1.004,1.004,1.726,1,2,0.995,0.995,1.776,1,2,0.914,0.914,1.628,1,1,2.2,2.2,2.852,1,2,1.146,1.146,1.999,1,2,1.14,1.14,1.869,1,2,1.018,1.018,1.763,1,2,1.366,1.366,2.109,1,1,2.473,2.473,3.325,1,2,1.179,1.179,2.242,1,2,4.412,4.412,5.228,1,0.45,19,1
66fd7c4879ac53a02c9082ed,2,4.5,4.5,5.696,1,1,1.348,1.348,2.593,1,2,1.61,1.61,2.875,1,1,1.5,1.5,2.928,1,1,1.88,1.88,3.062,1,2,4.315,4.315,5.349,1,2,1.349,1.349,2.443,1,11,1,1.59,1.59,2.833,1,1,1.433,1.433,2.648,1,1,1.151,1.151,2.2,1,2,1.264,1.264,4.524,1,1,1.407,1.407,2.882,1,2,1.453,1.453,2.788,1,2,1.236,1.236,2.201,1,1,1.367,1.367,2.455,1,1,2.539,2.539,3.653,1,2,1.687,1.687,3.169,1,2,1.139,1.139,2.169,1,2,3.38,3.38,5.49,1,0.45,19,1
60038fcb3919e748155efc28,1,15.62,15.62,16.894,1,1,2.884,2.884,5.674,1,2,1.19,1.19,2.047,1,2,2.332,2.332,3.089,1,2,1.205,1.205,2.727,1,2,1.123,1.123,1.912,1,2,0.946,0.946,1.666,1,11,2,3.294,3.294,4.202,1,1,0.692,0.692,1.781,1,1,1.172,1.172,2.029,1,2,0.9,0.9,1.639,1,2,1.555,1.555,2.609,1,2,0.879,0.879,1.667,1,2,0.729,0.729,1.503,1,2,1.336,2.853,3.493,2,2,0.944,0.944,1.6,1,2,1.075,1.075,1.798,1,2,0.847,0.847,2.415,1,2,12.259,13.142,16.731,2,0.4,19,3
5938e042e9b44100013ae891,2,2.702,2.702,4.534,1,2,1.781,1.781,2.794,1,2,1.27,1.27,2.236,1,2,1.601,1.601,2.553,1,2,1.495,1.495,2.592,1,2,2.306,2.306,3.262,1,2,1.291,1.291,2.329,1,11,2,1.745,1.745,2.765,1,2,1.748,1.748,2.857,1,2,1.47,1.47,2.454,1,2,1.475,1.475,2.748,1,2,1.355,1.355,2.371,1,2,1.653,1.653,2.712,1,2,1.26,1.26,2.173,1,2,1.298,1.298,2.431,1,2,0.926,0.926,1.975,1,2,1.182,1.182,2.166,1,2,1.003,1.003,2.055,1,2,2.532,2.532,5.552,1,0.6,19,2
6658e4f0181c5007b04398cb,2,6.3,6.3,8.6,1,2,4.656,4.656,5.9,1,2,6.813,6.813,8.09,1,2,4.393,4.393,6.143,1,2,2.221,2.221,3.636,1,2,2.781,2.781,4.235,1,2,0.428,4.612,5.966,2,11,2,1.809,1.809,2.998,1,2,2.293,2.293,3.266,1,2,2.139,2.139,3.978,1,2,2.172,2.172,3.448,1,2,2.484,2.484,4.567,1,2,1.822,1.822,3.158,1,2,1.961,1.961,3.829,1,2,5.645,5.645,7.12,1,2,2.404,2.711,4.321,2,2,2.069,2.069,3.819,1,2,2.877,2.877,4.411,1,2,3.813,3.813,5.582,1,0.6,19,3
62a74daa695f792361470dd1,2,6.651,6.651,8.057,1,2,4.8,4.8,6.048,1,1,2.289,2.289,4.008,1,1,2.091,2.091,3.884,1,2,2.226,2.226,3.954,1,2,10.745,10.745,11.935,1,1,4.087,4.087,5.488,1,11,2,1.281,1.281,2.678,1,2,15.746,15.752,20.997,2,2,22.114,22.114,23.565,1,2,2.411,3.369,5.052,2,2,3.092,3.817,4.988,2,2,2.593,6.688,7.896,2,2,4.886,4.886,6.377,1,2,1.205,1.205,2.822,1,1,3.531,3.531,5.385,1,2,7.669,7.669,9.515,1,2,1.124,1.124,2.428,1,2,9.598,9.598,11.391,1,0.4,19,2
65f24955e6ae4b70b05dd02c,1,4.996,4.996,6.152,1,1,2.579,2.579,4.255,1,2,1.207,1.207,1.981,1,2,1.465,1.465,2.257,1,1,1.273,1.273,2.065,1,2,2.557,2.557,3.284,1,1,3.657,4.211,4.583,2,11,2,1.054,1.054,1.753,1,2,0.835,0.835,1.498,1,2,0.89,0.89,1.599,1,2,0.675,0.675,1.515,1,2,1.13,1.13,2.352,1,2,0.733,0.733,1.542,1,2,0.555,0.555,1.341,1,2,0.541,1.204,2.077,2,2,0.665,0.665,1.352,1,2,0.981,0.981,2.02,1,2,0.685,0.685,1.668,1,2,1.9,1.9,2.982,1,0.5,19,1
665e680164927b18554b66ec,2,5.61,5.61,7.165,1,2,4.043,4.043,4.941,1,1,2.265,2.265,4.491,1,1,3,3,4.138,1,1,1.291,1.291,2.605,1,2,2.326,2.326,3.36,1,1,1.665,1.665,2.987,1,11,2,2.248,2.248,3.947,1,1,0.94,0.94,1.886,1,2,1.856,1.856,2.749,1,2,1.697,1.697,3.843,1,1,1.364,1.364,2.862,1,2,0.965,0.965,2.064,1,2,1.255,1.255,2.506,1,2,0.789,0.789,1.695,1,1,17.35,17.35,18.336,1,2,1.611,1.611,2.389,1,2,1.194,1.194,2.205,1,2,3.827,3.827,4.814,1,0.45,19,2
603454dbbea63e24a99aabd2,1,9.086,9.086,9.891,1,1,2.062,3.497,4.172,3,1,6.905,6.905,7.596,1,1,0.725,1.507,1.881,2,2,15.722,15.722,16.63,1,1,0.681,0.681,1.593,1,1,0.545,0.545,1.156,1,11,1,0.956,0.956,1.757,1,2,0.922,0.922,1.72,1,1,1.051,1.578,1.991,2,1,0.515,0.515,1.063,1,2,0.536,0.892,1.669,2,2,0.819,0.819,1.501,1,2,0.67,0.67,1.373,1,2,0.508,0.508,1.275,1,2,0.688,0.688,1.423,1,1,0.942,0.942,1.832,1,2,0.495,0.495,1.17,1,2,1.952,2.964,4.367,2,0.35,19,2
5858610a7ac7900001733bb2,1,1.852,1.852,3.075,1,2,1.597,1.597,2.56,1,1,1.291,1.291,2.019,1,2,1.39,1.39,2.291,1,2,0.757,0.757,1.636,1,2,0.924,0.924,1.915,1,2,1.113,1.113,1.94,1,11,1,1.618,1.618,2.518,1,1,0.885,0.885,1.87,1,1,1.155,1.155,1.972,1,1,1.5,1.5,2.719,1,2,4.571,4.571,5.607,1,1,1.17,1.17,1.836,1,2,1.175,2.095,2.424,2,1,1.235,1.235,2.003,1,2,1.4,1.4,2.28,1,1,1.553,1.553,2.493,1,2,0.872,0.872,1.865,1,2,4.925,4.925,6.456,1,0.5,19,3
5be1ac50ca095c0001b9f717,1,9.123,9.123,10.339,1,1,2.533,2.533,4.006,1,2,2.652,2.652,3.348,1,2,1.586,1.586,3.243,1,2,0.947,0.947,1.781,1,2,45.968,45.968,46.979,1,1,2.995,3.931,4.291,2,11,2,4.463,4.463,5.519,1,2,11.672,11.672,12.65,1,1,10.033,10.033,10.93,1,2,2.71,3.173,4.355,2,2,10.18,10.18,10.926,1,2,10.698,10.698,11.863,1,2,1.3,1.3,2.314,1,2,1.012,1.012,1.98,1,1,1.277,1.277,2.279,1,1,1.211,1.211,2.061,1,1,1.113,1.113,2.408,1,2,3.284,3.284,4.261,1,0.35,19,3
67a8ef6331f586a361a8ec33,1,0,0,46.658,0,2,0,0,4.772,0,2,0,0,2.704,0,2,0,0,3.206,0,2,0,0,1.749,0,1,0,0,1.639,0,2,0,0,1.431,0,11,2,0,0,2.749,0,1,0,0,2.927,0,2,0,0,1.671,0,2,0,0,2.27,0,2,0,0,1.788,0,2,0,0,1.936,0,2,0,0,2.258,0,2,0,0,5.332,0,2,0,0,1.596,0,2,0,0,2.516,0,2,0,0,1.708,0,2,0,0,4.807,0,0.45,19,1
66635bba3a9f49a2dd23cac3,1,4.599,4.599,5.894,1,1,4.349,4.349,6.364,1,2,2.895,2.895,4.161,1,2,2.54,2.54,3.666,1,1,1.695,1.695,2.876,1,1,1.641,1.641,2.976,1,2,1.273,1.273,2.43,1,11,2,3.963,3.963,4.901,1,2,1.742,1.742,2.851,1,2,1.41,1.41,2.786,1,2,2.509,2.509,3.513,1,2,1.261,1.261,2.245,1,1,2.001,2.001,3.183,1,2,1.377,1.377,2.538,1,1,1.305,1.305,2.011,1,2,1.2,1.2,2.174,1,2,1.43,1.43,2.403,1,1,3.318,3.318,4.338,1,2,3.919,3.919,5.076,1,0.4,19,2
65462d3be36b05a1f97d2dc8,1,2.267,2.267,3.036,1,2,1.813,10.919,11.339,5,2,0.672,0.672,1.185,1,2,0.805,0.805,1.372,1,2,0.804,0.804,1.201,1,2,0.74,0.74,1.274,1,2,0.712,0.712,1.262,1,11,2,1.061,1.061,1.639,1,2,0.798,0.798,1.297,1,2,0.828,0.828,1.445,1,2,0.686,1.167,2.25,2,1,0.982,0.982,2.33,1,2,0.767,1.301,2.2,2,1,0.803,0.803,1.354,1,1,0.685,1.237,1.933,2,2,0.61,0.61,1.244,1,2,1.506,1.506,1.901,1,2,0.754,0.754,1.343,1,2,3.872,3.872,4.357,1,0.6,19,3
6684928e82e515000197f9c6,1,6.024,6.024,6.955,1,2,1.846,1.846,2.772,1,2,2.852,2.852,3.602,1,2,2.816,2.816,3.716,1,2,4.52,4.52,5.296,1,2,1.361,1.361,1.909,1,2,2.674,2.674,3.668,1,11,2,0.889,0.889,1.454,1,2,1.386,1.386,1.992,1,2,0.775,0.775,1.326,1,2,1.071,1.071,1.736,1,2,2.613,2.613,3.173,1,2,2.541,2.541,3.157,1,2,1.209,1.209,1.754,1,2,0.764,0.764,1.357,1,2,9.724,9.724,10.526,1,2,2.892,2.892,3.586,1,2,0.501,0.501,1.234,1,2,1.77,1.77,2.489,1,0.55,19,3
67e48f46ac070276b3bc9cfa,2,3.158,3.158,4.116,1,2,1.359,1.359,2.328,1,1,3.376,3.376,4.44,1,2,1.223,1.223,2.259,1,1,1.674,1.674,5.244,1,2,1.434,1.434,2.217,1,1,1.296,2.475,3.375,2,11,2,6.103,6.103,6.911,1,1,2.595,2.595,3.588,1,2,1.441,1.441,2.89,1,2,1.056,1.056,1.871,1,1,1.872,1.872,2.8,1,1,2.2,2.2,3.063,1,1,18.648,18.648,20.128,1,1,14.1,15.361,16.145,2,2,1.591,1.591,2.481,1,2,2.933,2.933,3.724,1,2,1.124,1.969,2.349,2,2,6.623,6.623,7.672,1,0.7,19,3
66ef2ea90ee0818419f3002e,1,1.829,6.437,7.302,5,1,1.636,3.783,4.9,3,2,1.832,2.962,5.252,3,2,6.263,7.432,8.299,3,2,2.343,3.144,3.99,3,1,0.972,1.609,3.449,3,1,2.211,3.051,3.835,3,11,1,1.089,1.847,2.646,3,1,13.219,14.333,15.548,3,2,2.638,3.235,4.258,3,1,0.761,1.522,2.3,3,2,2.411,3.65,7.002,4,1,2.757,3.547,4.382,3,2,6.131,6.923,7.779,3,2,0.696,1.532,2.302,3,2,0.384,2.137,3.701,5,1,9.997,11.513,12.448,4,2,0.606,1.323,2.102,3,2,4.372,5.497,6.353,3,0.35,19,1
666ee799b9039b8071d8c229,2,2.595,2.595,3.358,1,2,1.247,1.992,2.711,2,2,2.63,2.63,6.692,1,2,0.898,0.898,4.09,1,2,3.82,3.82,4.416,1,2,0.569,0.569,1.666,1,2,0.615,0.615,3.193,1,11,2,0.864,0.864,2.181,1,2,2.679,2.679,3.381,1,2,0.813,0.813,3.209,1,2,0.782,0.782,2.156,1,2,0.471,0.471,1.533,1,2,0.646,0.956,1.715,2,2,0.628,0.628,1.345,1,2,1.046,2.146,2.477,3,2,0.819,1.513,2.06,3,2,0.684,0.684,1.269,1,2,0.691,2.245,2.576,5,2,0.977,0.977,2.69,1,0.6,19,2
64a5e28179aa71f8f7d29e69,1,2.855,2.855,4.629,1,2,1.394,1.394,2.905,1,2,1.187,1.187,2.337,1,2,1.723,1.723,3.017,1,1,5.509,5.509,6.571,1,1,0.873,0.873,1.903,1,2,1.172,1.172,2.157,1,11,1,1.525,1.525,2.692,1,2,0.771,0.771,1.62,1,2,0.733,0.733,1.667,1,1,1.046,1.046,2.129,1,2,0.859,0.859,1.891,1,1,0.872,0.872,2.285,1,1,0.745,0.745,1.814,1,1,0.964,0.964,1.782,1,1,0.819,0.819,1.781,1,1,1.671,1.671,3,1,1,1.431,1.431,2.58,1,1,4.371,4.371,5.685,1,0.55,19,1
6785891aee9028790a1bd6fc,1,45.081,45.081,46.173,1,2,1.852,1.852,2.675,1,2,0.881,0.881,1.753,1,1,0.63,0.63,1.656,1,1,1.065,1.065,1.963,1,2,1.104,1.104,2.23,1,2,0.723,0.723,2.025,1,11,2,0.723,0.723,1.61,1,2,0.931,0.931,1.952,1,1,0.775,0.775,1.896,1,2,0.947,0.947,1.805,1,2,0.862,0.862,1.804,1,2,0.659,1.463,2.374,2,1,0.948,0.948,2.031,1,1,1.11,1.11,2.108,1,2,0.77,0.77,1.625,1,2,1.737,1.737,2.469,1,2,0.87,0.87,1.848,1,2,5.748,5.748,10.309,1,0.4,19,3
66821bd8c0252a33b4c4390f,2,2.409,2.409,3.349,1,2,3.661,3.661,4.653,1,2,0.933,0.933,1.86,1,2,1.035,1.035,1.971,1,2,1.148,1.148,2.132,1,1,1.078,1.078,2.063,1,2,1.02,1.02,1.925,1,11,2,0.741,0.741,1.543,1,2,0.933,0.933,1.761,1,2,1.032,1.032,1.871,1,2,3.602,3.602,4.384,1,2,1.044,1.044,1.987,1,2,1.224,1.224,2.262,1,2,1.292,1.292,2.797,1,2,0.762,0.762,1.616,1,2,1.344,1.344,2.216,1,2,1.006,1.006,2.122,1,2,0.899,0.899,1.906,1,2,2.128,2.128,3.041,1,0.55,19,1
5fbb062e91513797e214827d,1,3.742,3.742,4.697,1,2,1.404,1.968,3.233,2,2,1.267,1.267,2.156,1,1,1.243,2.158,3.192,2,2,1.038,2.371,3.416,2,2,0.993,0.993,1.894,1,2,1.278,1.278,1.843,1,11,2,1.354,1.354,2.483,1,2,0.7,0.7,1.501,1,2,1.027,1.027,1.748,1,1,1.102,1.102,1.917,1,2,0.965,0.965,1.493,1,2,0.903,0.903,1.745,1,1,1.143,1.143,1.845,1,2,1.083,1.083,1.754,1,2,1.55,1.55,2.2,1,1,1.03,1.03,2.04,1,2,0.878,0.878,1.564,1,2,2.581,2.581,3.913,1,0.65,19,1
628f76b86068bc13224921ce,2,1.65,2.84,5.153,2,2,8.206,8.206,9.212,1,2,3.33,3.33,4.649,1,2,5.793,5.793,6.802,1,2,1.529,1.529,2.765,1,2,4.852,4.852,5.651,1,2,2.012,2.012,3.066,1,11,2,1.171,1.171,2.126,1,2,4.383,4.383,5.192,1,2,7.032,7.032,7.734,1,2,1.89,3.94,4.726,3,2,2.469,2.469,3.442,1,2,0.831,1.94,3.01,2,2,2.277,3.868,5.997,2,2,2.637,2.637,3.607,1,2,1.218,1.218,2.696,1,2,5.506,5.547,6.707,2,2,1.282,1.282,2.115,1,2,1.785,1.785,3.339,1,0.6,19,2
5f067c54f05beb1e8392a532,1,3.039,3.039,3.784,1,1,2.42,2.42,3.447,1,1,1.505,1.505,2.384,1,1,1.001,1.001,1.688,1,1,0.807,0.807,1.463,1,1,2.942,3.513,3.98,2,2,0.662,1.212,1.969,2,11,2,0.83,1.481,1.844,2,1,0.506,1.192,1.584,2,2,0.745,0.745,1.331,1,2,0.626,0.626,1.322,1,2,0.833,0.833,1.427,1,2,3.233,3.233,3.95,1,2,1.278,1.278,1.882,1,1,1.141,1.141,1.707,1,2,0.579,0.579,1.15,1,2,0.672,0.672,1.186,1,2,0.525,0.525,1.233,1,2,1.507,1.507,2.153,1,0.3,19,3
657dd22938e31904b66ca3b4,1,1.783,1.783,4.074,1,2,1.637,1.637,3.024,1,2,1.489,1.489,2.998,1,2,1.394,1.394,2.541,1,2,0.999,0.999,2.299,1,2,1.535,1.535,2.741,1,2,1.058,1.058,3.285,1,11,2,1.364,1.364,2.405,1,1,1.162,1.162,2.164,1,2,1.06,1.06,2.155,1,2,1.216,1.216,2.292,1,2,8.733,8.733,9.575,1,2,1.102,1.102,2.385,1,2,1.33,1.33,3.282,1,2,4.225,4.225,5.486,1,2,480.084,480.084,481.574,1,2,1.758,1.758,2.7,1,2,1.469,1.469,2.473,1,2,3.77,3.77,4.71,1,0.5,19,3
661d6adbb88bba3f8084ba8b,2,7.455,7.455,8.201,1,2,6.758,6.758,8.142,1,1,3.871,3.871,4.743,1,1,1.76,1.76,2.904,1,2,2.249,2.249,3.415,1,1,2.165,2.165,3.294,1,2,1.279,1.279,2.094,1,11,1,2.064,2.064,3.082,1,2,3.035,3.035,4.864,1,2,3.4,3.4,4.441,1,1,4.531,4.531,5.339,1,1,2.803,2.803,3.833,1,1,1.932,1.932,2.776,1,2,4.665,4.665,5.341,1,1,4.224,4.224,4.9,1,1,1.063,1.063,1.79,1,1,2.158,2.158,3.28,1,1,1.403,1.403,2.354,1,1,10.984,10.984,12.09,1,0.35,19,2
5c0fdcfd3481220001de3039,2,26.56,26.56,36.74,1,2,16.944,16.944,18.573,1,2,19.824,19.824,22.036,1,1,9.583,9.583,11.092,1,2,15.789,15.789,18.043,1,2,7.66,7.66,9.642,1,2,7.157,7.157,9.545,1,11,1,10.699,10.699,12.662,1,2,7.526,7.526,9.54,1,2,6.846,6.846,8.329,1,2,6.897,6.897,9.047,1,2,14.791,14.791,16.57,1,2,8.025,8.025,9.927,1,1,5.264,5.264,7.084,1,1,8.749,8.749,10.777,1,1,12.298,12.298,13.558,1,1,6.422,6.422,7.81,1,1,3.174,3.174,4.474,1,2,11.556,11.556,14.914,1,0.65,19,1
58189c1f883c8800010ee630,2,1.266,1.266,3.32,1,2,1.028,1.028,1.759,1,2,0.574,0.574,1.253,1,2,0.796,0.796,2.052,1,1,0.867,0.867,1.605,1,1,0.655,0.655,1.502,1,2,0.928,1.687,2.063,2,11,1,0.66,0.66,1.372,1,2,0.559,0.559,1.698,1,2,0.966,0.966,2.076,1,1,0.785,0.785,1.466,1,2,1.28,1.28,3.338,1,1,0.78,0.78,1.831,1,2,0.578,0.578,1.235,1,1,0.89,0.89,1.691,1,2,0.73,0.73,1.646,1,1,0.958,0.958,1.666,1,2,0.622,0.622,1.149,1,2,2.626,2.626,3.42,1,0.55,19,1
5d9be88c195db300128d652a,1,6.837,6.837,8.063,1,2,1.955,1.955,3.534,1,1,20.12,20.12,21.197,1,1,1.517,1.517,2.867,1,1,1.087,1.985,2.54,2,1,0.839,1.749,2.201,2,2,0.821,0.821,1.873,1,11,2,1.92,1.92,2.906,1,2,1.555,2.448,3.062,2,1,1.039,1.039,1.842,1,2,0.885,0.885,1.905,1,2,0.971,0.971,1.825,1,1,0.88,0.88,1.691,1,1,1.128,1.128,1.969,1,2,0.812,0.812,1.581,1,2,0.589,0.589,1.339,1,2,0.556,0.556,1.446,1,2,0.505,0.505,1.24,1,1,0.463,2.86,3.729,2,0.5,19,3
5916bba1c40353000150c46c,1,3.978,3.978,5.095,1,2,6.773,6.773,7.682,1,2,2.485,2.485,3.257,1,1,3.73,3.73,4.2,1,2,4.834,4.834,5.646,1,2,0.829,0.829,1.617,1,1,0.675,0.675,1.48,1,11,2,11.721,11.721,12.502,1,1,1.23,1.23,2.114,1,1,0.787,0.787,1.687,1,1,1.026,1.026,2.166,1,1,0.475,0.475,1.126,1,1,0.525,0.525,1.417,1,1,0.711,0.711,1.563,1,1,0.494,0.494,1.291,1,1,0.887,0.887,1.539,1,2,0.592,0.592,1.437,1,1,1.138,1.138,2.167,1,1,1.74,1.74,2.472,1,0.35,19,2
67d0a4ccb5587fff790273a7,1,12.138,12.138,13.51,1,2,4.084,4.084,5.721,1,1,3.625,3.625,4.39,1,1,1.301,1.301,2.521,1,1,2.67,2.67,4.034,1,2,1.11,1.11,2.181,1,2,0.749,0.749,1.606,1,11,2,4.8,5.165,6.148,2,1,1.287,1.287,2.147,1,1,2.572,2.572,3.495,1,2,1.002,1.002,1.759,1,1,16.364,16.364,17.145,1,2,1.627,1.627,2.434,1,1,0.615,0.615,1.595,1,2,0.835,0.835,1.887,1,1,0.962,0.962,2.046,1,2,0.773,0.773,1.849,1,2,0.483,0.483,1.113,1,2,5.593,7.189,8.317,3,0.45,19,2
63d7b81d79044b73bfb50952,1,3.96,49.274,50.089,3,1,13.698,13.698,14.647,1,2,1.222,1.222,2.013,1,2,1.619,1.619,2.343,1,1,1.9,1.9,2.751,1,2,14.24,14.24,15.081,1,1,1.92,1.92,3.732,1,11,1,1.685,1.685,2.525,1,1,0.654,0.654,1.257,1,2,1.18,1.554,2.2,2,1,3.264,3.264,3.792,1,2,1.067,1.067,1.675,1,2,0.702,0.702,1.384,1,2,0.534,0.534,1.148,1,1,5.352,6.639,7.198,3,1,0.815,0.815,1.514,1,2,0.781,0.781,1.349,1,2,0.963,0.963,1.763,1,2,3.842,3.842,4.876,1,0.45,19,1
67f45e1b361e2b3ebc9e7ed7,2,1.868,1.868,2.843,1,2,32.316,33.576,34.225,3,2,8.386,8.386,8.822,1,2,1.226,1.226,1.745,1,2,1.127,1.127,1.601,1,1,2.616,2.616,3.038,1,2,14.104,14.104,14.693,1,11,1,2.241,2.241,2.669,1,1,1.119,1.119,1.552,1,1,0.671,0.671,1.37,1,2,0.555,1.161,1.73,2,1,0.683,0.683,1.136,1,1,2.304,2.78,3.891,2,2,0.948,1.639,2.535,2,1,1.273,1.273,1.703,1,1,1.952,1.952,2.494,1,2,0.802,0.802,1.352,1,2,0.948,0.948,1.585,1,2,0.581,0.581,2.856,1,0.4,19,3
6742189e9fd5fe9de0d9b729,2,5.485,5.485,6.402,1,2,3.145,3.145,4.111,1,1,7.108,8.009,8.86,2,1,3.938,3.938,4.809,1,2,0.917,0.917,1.827,1,2,3.215,3.215,4.014,1,1,3.55,3.55,4.559,1,11,1,1.397,1.397,2.528,1,2,1.351,1.351,2.164,1,1,4.049,4.049,4.813,1,1,1.241,1.241,2.452,1,1,1.281,1.281,2.337,1,1,1.538,1.538,2.434,1,2,1.902,1.902,2.799,1,2,2.309,2.309,3.213,1,2,1.544,1.544,2.495,1,2,2.476,2.476,3.606,1,2,3.965,3.965,4.835,1,2,4.455,4.455,5.282,1,0.7,19,3
5dfbc3a1946e978e69d8e586,2,6.158,6.158,7.7,1,2,2.682,2.682,4.159,1,2,1.955,1.955,3.345,1,1,1.56,1.56,3.08,1,2,1.43,1.43,2.448,1,2,1.127,1.127,2.284,1,2,1.689,1.689,2.846,1,11,2,1.364,1.364,2.501,1,2,1.48,1.48,2.798,1,2,1.463,1.463,2.62,1,2,1.747,1.747,3.19,1,2,1.605,1.605,3.315,1,2,1.584,1.584,2.601,1,2,1.235,1.235,2.356,1,1,1.313,1.313,2.591,1,2,1.203,1.203,2.209,1,2,1.394,1.394,2.3,1,2,1.359,1.359,2.648,1,2,2.654,2.654,4.826,1,0.5,19,3
6733c9f67240fddc73fe943b,2,5.587,5.587,7.924,1,2,2.91,2.91,3.977,1,1,2.479,2.479,3.536,1,1,1.78,1.78,2.902,1,2,5.342,5.342,6.201,1,1,1.935,1.935,2.833,1,1,1.672,1.672,2.769,1,11,1,1.967,1.967,2.738,1,2,3.051,3.051,4.214,1,2,1.207,1.207,1.914,1,1,1.204,1.204,2.097,1,1,1.334,1.334,2.041,1,1,1.16,1.16,1.986,1,1,1.814,1.814,2.64,1,1,1.177,1.177,2.164,1,1,1.294,1.294,2.197,1,1,2.023,2.023,2.89,1,1,1.397,1.397,2.096,1,2,7.001,7.001,8.794,1,0.45,19,1
67e268cbf13dcd115337894c,2,7.117,7.117,7.828,1,1,0.82,0.82,1.931,1,1,0.787,0.787,2.018,1,1,0.758,0.758,1.732,1,1,0.75,0.75,1.621,1,2,0.771,3.139,4.082,4,1,3.597,3.597,4.412,1,11,2,3.811,3.811,5.173,1,2,2.477,2.477,3.304,1,1,0.779,0.779,1.9,1,2,0.861,0.861,1.628,1,2,0.926,0.926,2.085,1,1,0.781,0.781,1.722,1,1,0.53,0.53,1.401,1,1,1.078,1.078,1.999,1,2,1.06,1.06,1.71,1,2,4.347,4.347,5.771,1,1,1.201,1.201,2.24,1,1,3.588,3.588,5.052,1,0.35,19,2
6737ec89389ac9b1b64baae5,1,2.162,2.162,2.971,1,2,1.322,1.322,2.078,1,1,1.659,1.659,2.438,1,1,0.579,1.275,1.677,2,1,2.845,2.845,3.544,1,2,1.138,1.138,1.821,1,2,1.985,1.985,2.835,1,11,1,2.609,2.609,3.379,1,2,1.601,1.601,2.331,1,2,4.143,4.143,4.875,1,2,3.504,3.504,4.179,1,2,1.42,1.42,3.15,1,2,15.653,15.653,16.44,1,1,16.901,16.901,17.601,1,1,2.298,2.298,3.284,1,2,1.228,1.228,2.103,1,2,1.671,1.671,2.345,1,2,3.26,3.26,3.951,1,1,4.682,4.682,5.348,1,0.65,19,1
6640d0ae532fbc1394f8c1dd,1,7.45,7.45,8.58,1,1,2.383,2.383,3.5,1,1,2.024,2.024,3.135,1,2,1.233,1.233,2.149,1,2,0.761,1.153,2.039,2,1,0.793,0.793,1.562,1,1,0.983,0.983,2.095,1,11,2,0.963,0.963,2.064,1,2,0.691,0.691,1.513,1,1,2.507,2.507,3.617,1,2,0.781,0.781,1.696,1,2,1.073,1.073,2.165,1,1,1.02,1.02,2.068,1,1,1.221,1.221,2.258,1,1,0.691,0.691,1.539,1,2,0.057,0.787,1.565,2,2,1.007,1.007,2.331,1,1,0.724,0.724,1.73,1,2,2.945,2.945,3.866,1,0.3,19,1
6632626985406fd15c206dcd,1,3.009,3.009,4.118,1,1,1.394,1.394,2.954,1,2,0.981,0.981,2.095,1,2,2.65,2.65,3.766,1,1,0.97,0.97,2.282,1,1,0.92,0.92,1.725,1,2,0.945,0.945,2.08,1,11,2,1.002,1.002,2.093,1,1,0.702,0.702,1.612,1,1,1.269,1.269,2.564,1,2,0.982,0.982,2.036,1,1,0.606,0.606,1.711,1,1,0.496,0.496,1.333,1,2,1.005,1.005,1.662,1,1,1.84,1.84,2.73,1,2,0.767,0.767,1.451,1,2,0.727,0.727,1.6,1,1,1.966,1.966,2.7,1,2,4.567,4.567,5.527,1,0.45,19,2
673bda0b49d32290f11b545d,1,5.191,5.191,7.975,1,2,6.336,6.336,8.419,1,2,2.079,2.079,4.5,1,2,7.277,7.277,11.1,1,2,3.655,3.655,7.174,1,2,3.378,3.378,6.679,1,2,2.373,2.373,6.071,1,11,2,3.03,3.03,6.597,1,1,3.244,3.244,7.141,1,1,3.741,3.741,7.004,1,1,3.93,3.93,8.448,1,2,5.815,5.815,8.079,1,1,2.961,2.961,5.768,1,2,3.295,3.295,7.351,1,2,2.801,2.801,5.864,1,2,3.956,3.956,7.498,1,2,1.479,1.479,4.64,1,2,3.548,3.548,7.522,1,2,7.717,7.717,11.075,1,0.45,19,2
5f1dea279f4818757f07f087,1,4.659,4.659,5.525,1,2,2.445,2.445,3.198,1,2,1.95,1.95,2.829,1,1,2.772,2.772,3.478,1,1,1.255,1.255,2.079,1,1,1.15,1.15,1.867,1,1,1.028,1.028,1.738,1,11,1,4.393,4.393,4.994,1,1,1.251,1.251,2.023,1,1,1.018,1.018,1.804,1,2,0.929,0.929,1.478,1,2,1.662,1.662,2.103,1,1,1.182,1.182,1.708,1,1,1.878,1.878,2.427,1,2,1.027,1.027,1.605,1,2,1.029,1.029,1.593,1,1,1.167,1.167,1.9,1,1,1.476,1.476,2.089,1,2,9.244,9.244,9.852,1,0.5,19,3
5af3c4e197a14300017d3f49,2,2.259,2.259,3.056,1,2,2.033,2.033,2.689,1,2,1.189,1.189,1.881,1,2,1.071,1.071,2.192,1,1,1.872,1.872,2.634,1,2,1.752,1.752,2.534,1,2,0.77,0.77,1.521,1,11,2,3.091,3.091,3.841,1,2,4.55,5.24,5.986,2,2,0.971,0.971,1.834,1,1,4.319,4.319,5.157,1,2,0.665,0.665,1.3,1,1,1.291,1.291,2.596,1,2,2.683,2.683,3.4,1,2,2.656,2.656,3.457,1,2,1.688,1.688,2.538,1,2,1.714,1.714,2.433,1,1,1.517,1.517,2.263,1,2,2.797,2.797,3.54,1,0.55,19,3
66a5a24ecca4efbce8324f7c,2,6.198,6.198,7.302,1,2,2.547,2.547,3.435,1,1,2.196,2.196,3.166,1,2,1.029,1.029,2.198,1,1,0.868,0.868,1.795,1,1,0.634,0.634,1.589,1,2,0.801,0.801,1.866,1,11,2,0.901,0.901,2.027,1,1,0.47,0.47,1.413,1,1,0.643,0.643,1.549,1,2,0.398,1.599,1.952,3,2,0.851,0.851,1.709,1,2,0.763,0.763,1.69,1,1,0.825,0.825,1.495,1,2,0.929,0.929,1.567,1,1,0.777,0.777,1.781,1,2,0.772,0.772,1.597,1,2,0.759,0.759,1.6,1,1,2.12,2.12,2.723,1,0.35,19,3
5751f576a9de4b0006e557b9,2,5.47,5.47,6.367,1,2,0.9,13.579,14.078,2,2,0.58,0.58,0.947,1,1,1.031,1.031,1.385,1,2,0.467,0.467,0.706,1,1,0.378,0.378,0.639,1,2,0.441,0.441,0.666,1,11,1,1.105,1.105,1.458,1,2,0.619,0.619,0.863,1,1,0.793,0.793,1.056,1,1,12.578,12.578,12.776,1,1,46.615,158.635,158.971,2,1,0.921,0.921,1.4,1,2,0.47,0.47,0.653,1,2,0.46,0.46,0.658,1,2,0.482,0.482,0.726,1,1,0.796,0.796,1.071,1,1,0.209,0.955,1.202,2,2,2.578,2.578,2.859,1,0.45,19,2
5ba802ee60f3d5000169e5da,1,5.659,5.659,7.343,1,2,2.602,2.602,4.237,1,2,2.085,2.085,3.623,1,2,1.251,1.251,2.694,1,1,1.24,1.24,2.73,1,1,1.105,1.105,2.405,1,2,1.071,1.071,2.335,1,11,2,3.364,3.364,4.919,1,1,1.255,1.255,2.49,1,1,1.113,1.113,2.517,1,1,1.172,1.172,2.435,1,2,0.949,0.949,2.102,1,1,1.347,1.347,2.587,1,2,1.322,1.322,3.153,1,2,0.908,0.908,2.106,1,2,1.018,1.018,2.255,1,2,1.771,1.771,3.151,1,2,1.473,1.473,2.728,1,2,4.13,4.13,5.87,1,0.45,19,1
672fcaddb30d49082d787c9e,2,13.924,13.924,15.177,1,2,3.896,3.896,5.209,1,2,3.61,3.61,4.42,1,1,1.286,1.286,3.084,1,2,1.872,1.872,2.678,1,1,2.921,2.921,3.671,1,2,2.028,2.028,2.86,1,11,2,1.854,1.854,2.654,1,2,1.111,1.111,1.887,1,2,1.985,1.985,2.744,1,2,2.244,2.244,3.184,1,2,1.879,1.879,2.766,1,1,1.737,1.737,2.449,1,2,1.574,1.574,2.455,1,2,2.56,2.56,3.25,1,1,2.948,2.948,3.819,1,1,2.165,2.165,2.893,1,2,4.598,4.598,5.377,1,2,3.063,3.063,3.909,1,0.4,19,2
67465ccb613e7af115404b6d,2,1.482,1.482,2.385,1,2,1.24,1.24,2.297,1,2,1.41,1.41,2.337,1,2,1.17,2.297,3.504,2,2,1.047,1.047,1.944,1,1,1.275,1.275,2.059,1,1,2.017,2.891,3.299,2,11,1,1.758,1.758,2.72,1,1,1.516,1.516,2.101,1,1,1.114,1.114,1.743,1,1,1.296,2.268,2.855,2,2,1.028,1.651,2.019,2,2,0.951,0.951,1.58,1,1,1.317,1.317,1.894,1,1,1.044,1.967,3.386,2,2,1.783,1.783,2.367,1,2,3.591,3.591,4.163,1,1,2.733,2.733,3.287,1,2,2.524,2.524,3.466,1,0.55,19,1
57027c1f68c641000e0c8970,2,4.168,4.168,4.98,1,1,0.753,0.753,1.789,1,2,0.657,0.657,1.466,1,2,0.618,1.397,1.782,2,1,0.516,0.516,1.438,1,2,0.841,0.841,1.832,1,1,0.569,0.569,1.298,1,11,1,0.948,0.948,1.663,1,2,0.691,0.691,1.69,1,2,0.633,0.633,1.419,1,1,0.718,0.718,1.391,1,1,0.498,0.498,1.459,1,1,0.496,0.496,1.344,1,2,0.734,0.734,1.453,1,1,0.59,0.59,1.397,1,2,0.644,0.644,1.58,1,2,0.646,0.646,1.324,1,1,0.435,0.435,1.244,1,2,3.849,3.849,4.621,1,0.5,19,2
65a5bc46a459a1f1b5a8ade9,1,1.863,3.113,4.148,3,2,2.158,2.158,3.094,1,2,1.154,1.154,2.055,1,2,0.791,1.424,1.793,2,1,0.712,0.712,1.581,1,2,0.892,0.892,1.545,1,2,0.732,0.732,1.618,1,11,2,0.876,0.876,1.46,1,1,0.659,0.659,1.495,1,1,0.43,0.43,1.566,1,1,0.437,1.724,2.141,3,2,0.702,0.702,1.491,1,2,0.418,0.418,1.253,1,2,0.713,0.713,1.234,1,2,0.407,0.407,1.16,1,1,0.897,0.897,1.516,1,1,0.737,0.737,1.688,1,1,0.591,0.591,1.144,1,2,2.196,2.762,3.318,2,0.2,19,3
62ab9ef7415da9c5d0ccc7bb,2,3.325,3.325,4.153,1,2,1.048,1.048,1.926,1,2,1.045,1.045,1.839,1,2,0.767,0.767,1.41,1,2,1.714,1.714,2.342,1,2,4.6,4.6,5.249,1,2,2.26,2.26,3.035,1,11,2,36.119,36.119,36.723,1,1,0.51,0.51,1.176,1,2,0.476,0.476,1.111,1,2,2.283,2.283,2.783,1,2,0.895,0.895,1.446,1,2,1.736,1.736,2.356,1,2,1.997,1.997,2.691,1,1,2.521,2.521,3.125,1,2,1.2,1.2,1.9,1,2,0.696,0.696,1.121,1,2,0.582,0.967,1.533,2,2,1.155,1.155,1.935,1,0.5,19,3
6562421abbbe0dc4b89ad4ff,2,3.712,3.712,4.722,1,2,2.329,2.329,3.473,1,2,1.415,1.415,2.237,1,2,5.398,5.537,6.641,2,1,2.019,3.621,4.78,3,1,1.202,1.202,2.5,1,1,0.794,0.794,2.534,1,11,2,2.714,2.714,3.789,1,1,1.15,1.15,2.301,1,1,1.272,2.039,2.414,2,1,0.684,0.684,1.96,1,1,0.685,0.685,1.306,1,2,1.671,1.671,2.564,1,2,1.179,1.179,2.02,1,2,1.167,1.167,2.205,1,2,1.065,1.065,2.388,1,2,1.174,1.174,2.017,1,2,0.92,0.92,2.063,1,2,2.905,2.905,4.03,1,0.45,19,1
66b92d3b18295c1e6c125b85,1,5.395,9.218,11.006,3,1,1.784,1.784,2.642,1,1,3.657,3.657,4.886,1,1,1.182,1.182,2.057,1,2,0.691,0.691,1.617,1,2,1.893,1.893,2.703,1,2,2.519,3.466,4.111,2,11,2,1.353,1.353,2.053,1,2,1.6,1.6,2.256,1,1,0.733,1.342,2.185,2,2,0.942,0.942,1.852,1,2,0.972,0.972,1.61,1,2,0.518,1.238,1.794,2,2,3.23,3.23,3.797,1,2,0.398,0.882,1.514,2,2,0.989,0.989,1.945,1,2,0.783,0.783,1.635,1,2,0.482,0.482,1.087,1,2,4.561,4.561,5.634,1,0.45,19,2
5d30790f326b0f0017a2a828,2,4.418,4.418,5.203,1,2,2.269,2.269,3.008,1,1,3.013,3.013,3.779,1,2,1.866,1.866,2.522,1,2,1.709,2.469,3.107,2,2,2.006,2.006,2.642,1,2,0.527,0.527,0.995,1,11,1,1.435,1.435,2.026,1,1,1.2,1.2,1.77,1,1,1.111,1.724,2.039,2,2,0.867,0.867,1.556,1,1,0.461,0.918,1.736,2,2,1.634,2.345,2.652,2,2,1.765,1.765,2.26,1,1,0.681,0.681,1.411,1,2,0.892,0.892,1.457,1,2,0.644,0.644,1.091,1,2,0.524,0.524,0.967,1,2,1.536,1.837,2.518,2,0.4,19,1
5c5ac2869d974300015d81fc,1,1.017,1.017,2.272,1,1,3.915,3.915,5.57,1,1,0.685,0.685,1.3,1,1,0.571,0.571,1.376,1,1,0.755,0.755,1.41,1,1,0.587,0.587,1.362,1,2,0.633,0.633,1.438,1,11,2,0.506,0.506,1.201,1,2,3.38,3.38,3.965,1,1,0.706,0.706,1.471,1,2,0.991,1.703,1.988,2,2,0.688,0.688,1.343,1,1,1.079,1.079,1.774,1,1,0.662,0.994,2.039,2,2,0.461,0.461,1.136,1,1,1.311,1.311,2.166,1,2,1.212,1.212,1.967,1,2,6.491,6.491,6.9,1,2,1.8,1.8,3.135,1,0.3,19,2
57439a4354636a000d78639a,1,3.905,3.905,4.88,1,2,2.392,2.392,3.94,1,2,1.192,1.192,2.182,1,2,1.061,1.061,1.883,1,1,1.224,1.224,1.72,1,2,0.995,0.995,1.548,1,2,0.881,0.881,1.594,1,11,2,0.547,0.547,1.216,1,1,0.61,0.61,1.253,1,1,1.042,1.042,1.651,1,1,0.86,0.86,1.682,1,1,0.44,0.44,1.293,1,1,0.68,1.284,2.256,2,1,1.006,1.006,1.947,1,1,0.953,1.838,2.342,2,2,0.415,0.415,1.429,1,2,1.843,1.843,2.662,1,2,2.041,2.041,2.896,1,2,1.779,2.507,3.547,2,0.45,19,2
5c9e65d52707e10001a00524,2,2.673,2.673,4.623,1,2,1.524,1.524,3.883,1,2,1.259,1.259,2.706,1,2,1.178,1.178,2.208,1,2,1.53,1.53,2.688,1,2,1.239,1.239,2.35,1,2,1.473,1.473,3.08,1,11,2,1.867,1.867,3.153,1,2,1.156,1.156,2.266,1,2,1.159,1.159,2.028,1,2,0.955,0.955,2.242,1,2,1.418,1.418,2.607,1,2,1.35,1.35,2.351,1,2,1.235,1.235,2.346,1,2,1.279,1.279,2.486,1,2,1.18,1.18,2.448,1,2,1.186,1.186,2.054,1,2,1.297,1.297,2.439,1,2,2.721,2.721,4.207,1,0.6,19,3
664fcd7938e76f20c1503ed1,1,7.959,7.959,9.388,1,2,3.013,3.013,6.504,1,1,7.088,7.088,8.117,1,2,6.028,6.028,9.148,1,1,1.324,1.324,2.187,1,2,25.559,25.559,26.66,1,1,0.917,0.917,1.991,1,11,1,10.62,10.62,60.505,1,2,1.27,1.27,8.178,1,2,3.818,3.818,4.703,1,1,15.947,15.947,19.994,1,1,20.861,20.861,21.767,1,2,1.377,1.377,2.388,1,2,23.322,23.322,24.259,1,1,1.075,1.075,10.584,1,1,9.277,20.216,21.843,2,2,9.808,9.808,10.748,1,1,18.678,19.098,39.107,2,1,3.816,4.654,5.344,2,0.5,19,1
60c6cd8bacdf5d1f27924048,2,25.792,25.792,27.259,1,1,11.664,11.664,14.434,1,1,5.831,5.831,7.024,1,2,8.974,11.248,12.823,2,1,10.833,10.833,11.904,1,2,6.63,6.63,7.884,1,2,4.701,4.701,6.113,1,11,2,3.285,3.285,4.525,1,1,0.806,0.806,2.103,1,1,1.752,1.752,2.904,1,1,3.828,3.828,7.13,1,2,6.765,6.765,8.404,1,2,1.072,1.072,2.113,1,1,1.918,1.918,2.919,1,2,12.343,12.343,13.699,1,1,7.384,7.384,8.544,1,2,2.047,2.047,3.058,1,2,2.563,2.563,3.948,1,1,8.141,8.141,9.371,1,0.3,19,3
5cb882d33f0af9000159e00f,2,5.422,5.422,6.601,1,2,3.432,3.432,4.56,1,2,1.746,1.746,2.724,1,2,3.122,3.122,4.25,1,1,1.311,1.311,2.239,1,1,1.425,3.592,4.436,2,2,1.541,1.541,2.636,1,11,2,5.182,5.182,6.461,1,1,1.467,1.467,2.529,1,1,1.934,1.934,2.93,1,2,1.339,1.339,2.868,1,2,1.824,1.824,2.85,1,1,2.765,2.765,5.194,1,2,2.115,2.598,3.993,2,2,1.127,1.127,2.074,1,1,2.169,2.169,3.229,1,2,2.649,2.649,3.76,1,2,1.634,1.634,2.745,1,2,2.775,2.775,4.055,1,0.4,19,1
65816b7cd8394011b679cb2c,2,3.891,3.891,5.985,1,2,2.404,2.404,3.758,1,2,2.02,2.02,3.399,1,2,1.745,1.745,3.256,1,2,1.815,1.815,3.062,1,2,2.427,2.427,3.63,1,2,1.756,1.756,3.147,1,11,2,1.762,1.762,3.284,1,2,1.76,1.76,3.002,1,2,1.841,1.841,3.202,1,2,2.066,2.066,3.486,1,2,1.513,1.513,2.75,1,2,1.654,1.654,2.844,1,2,1.653,1.653,2.964,1,2,1.668,1.668,3.074,1,2,1.662,1.662,3.066,1,2,2.737,2.737,4.5,1,2,2.431,2.431,4.067,1,2,3.593,3.593,5.041,1,0.6,19,1
66d5d36f0cd4bfbac8550351,1,5.6,5.6,6.988,1,1,4.367,4.367,5.931,1,2,3.038,3.038,4.23,1,2,2.655,2.655,3.6,1,1,2.002,2.002,2.975,1,2,2.522,2.522,3.719,1,2,1.709,1.709,2.301,1,11,1,2.171,2.171,3.351,1,2,1.775,1.775,2.725,1,1,1.554,1.554,2.563,1,2,1.767,1.767,2.503,1,1,1.576,1.576,2.724,1,2,0.952,0.952,1.79,1,1,1.998,1.998,3.029,1,2,1.771,1.771,2.842,1,2,1.427,1.427,2.113,1,1,1.201,1.201,2.412,1,2,1.481,1.481,2.56,1,1,2.441,2.441,3.776,1,0.5,19,1
66c164257fab16961369cc02,1,12.95,12.95,13.723,1,1,2.531,2.531,3.082,1,1,0.72,0.72,1.106,1,2,0.928,0.928,1.46,1,2,0.64,0.64,1.184,1,2,1.027,1.027,1.494,1,1,0.767,0.767,1.249,1,11,1,2.545,2.545,3.003,1,1,1.027,1.027,1.623,1,1,0.789,0.789,1.235,1,2,0.836,0.836,1.263,1,2,0.84,0.84,1.441,1,2,0.695,0.695,1.124,1,2,0.637,2.037,2.898,3,2,0.539,0.539,1.041,1,1,0.882,0.882,1.44,1,2,0.747,0.747,1.34,1,2,0.98,0.98,2.448,1,2,3.125,3.125,3.754,1,0.5,19,2
6629420d3647f9216b335c64,2,5.688,5.688,6.934,1,2,3.085,3.085,4.223,1,1,1.572,1.572,2.773,1,2,6.796,6.796,10.168,1,1,5.449,5.449,6.319,1,1,2.152,11.261,12,5,1,8.738,8.738,10.392,1,11,2,4.64,4.64,5.395,1,2,1.587,1.587,2.658,1,2,1.084,1.084,2.192,1,2,1.72,1.72,2.511,1,2,2.548,2.548,3.572,1,2,2.098,2.098,3.128,1,2,2.334,2.85,3.368,2,2,1.654,1.654,2.505,1,1,2.357,2.357,3.004,1,2,1.723,1.723,3.15,1,2,2.746,2.746,3.647,1,2,2.931,2.931,3.964,1,0.35,19,2
58c5455ac7ed3f000116d32c,2,3.158,3.158,3.854,1,1,1.048,1.048,1.749,1,2,1.348,1.348,2.066,1,2,1.671,1.671,2.379,1,1,1.134,1.134,1.851,1,2,3.652,4.339,4.835,2,1,17.502,19.058,19.784,2,11,2,2.499,2.499,3.521,1,2,0.954,0.954,1.632,1,2,0.913,0.913,1.511,1,2,0.929,0.929,1.596,1,2,0.773,0.773,1.426,1,2,1.505,1.505,2.141,1,2,1.702,1.702,2.486,1,1,1.701,1.701,2.411,1,1,2.829,3.268,3.879,2,2,2.383,3.746,4.348,3,2,2.071,2.071,2.62,1,1,9.861,16.606,18.02,3,0.35,19,3
596c562b84e10f00018464e9,2,10.406,10.406,11.318,1,2,2.884,2.884,3.56,1,2,2.775,2.775,3.5,1,2,1.027,1.027,1.828,1,2,0.906,0.906,1.665,1,2,1.166,1.166,1.958,1,1,0.889,1.569,2.288,2,11,2,1.569,1.569,2.102,1,2,2.006,2.006,2.617,1,2,0.902,1.214,1.935,2,2,0.655,0.655,1.202,1,2,0.67,0.67,1.401,1,2,0.77,1.268,1.401,2,1,1.765,1.765,2.333,1,1,0.773,0.773,1.552,1,2,0.587,0.587,1.219,1,2,1.558,1.558,2.14,1,2,1.855,1.855,2.385,1,2,3.064,3.064,4.529,1,0.65,19,3
6630fbbf430541e72d02c6e5,2,6.244,6.244,7.356,1,2,0.965,0.965,2.1,1,2,0.972,0.972,1.752,1,2,1.859,1.859,3.022,1,2,0.897,0.897,1.552,1,1,5.193,5.193,6.042,1,2,0.811,0.811,1.546,1,11,2,1.022,1.022,1.729,1,2,1.152,1.152,1.927,1,2,0.7,0.7,1.816,1,1,2.188,2.188,3.632,1,1,1.725,1.725,2.74,1,2,1.431,1.431,2.121,1,2,0.68,0.68,1.663,1,2,0.909,0.909,1.789,1,2,0.694,0.694,1.359,1,2,0.736,0.736,1.387,1,2,0.663,0.663,1.414,1,2,3.886,3.886,7.238,1,0.55,19,1
6111d686583e8ee907035105,2,9.995,9.995,11.096,1,1,5.328,5.328,7.739,1,2,2.201,2.201,5.853,1,2,2.715,2.715,4.337,1,2,2.75,3.396,4.688,2,2,6.362,6.362,7.349,1,2,2.109,2.109,4.627,1,11,2,3.628,3.628,5.387,1,2,2.073,2.073,3.92,1,2,3.286,3.286,4.426,1,2,1.71,1.71,4.097,1,2,1.304,1.304,3.169,1,2,1.117,1.117,2.063,1,2,1.459,1.459,2.759,1,2,1.376,1.376,2.706,1,2,0.908,0.908,2.403,1,2,1.452,1.452,2.728,1,2,1.22,1.22,2.779,1,2,2.415,2.415,5.238,1,0.55,19,1
6787dfa252cb2bed68c2a86a,2,1.639,1.639,2.416,1,1,1.381,1.964,2.77,2,1,1.047,1.047,1.776,1,1,1.167,1.167,2.001,1,2,0.894,0.894,1.668,1,2,0.913,0.913,1.656,1,1,1.783,1.783,2.498,1,11,2,0.743,0.743,1.45,1,1,0.557,0.557,1.36,1,1,0.703,0.703,1.382,1,2,1.109,1.109,1.873,1,2,0.426,1.207,1.732,2,2,1.321,1.321,2.165,1,1,0.486,0.486,1.157,1,2,0.442,0.442,1.274,1,2,0.454,0.454,1.078,1,2,0.951,0.951,1.804,1,1,0.616,0.616,1.266,1,1,1.687,1.687,2.589,1,0.55,19,2
664a04b30f003bd2e95da94f,2,4.721,4.721,5.639,1,2,2.559,2.559,3.617,1,1,1.281,1.281,2.152,1,2,1.855,5.993,6.6,2,1,1.686,1.686,2.433,1,2,0.778,0.778,1.675,1,2,1.453,1.453,2.844,1,11,1,0.982,0.982,1.882,1,1,1.026,1.026,2.447,1,1,0.62,0.62,1.47,1,1,1.583,1.583,3.786,1,1,4.417,4.417,5.124,1,1,1.52,1.52,3.201,1,2,1.112,1.112,2.09,1,2,1.375,1.375,2.401,1,2,0.513,0.513,1.726,1,2,0.7,0.7,1.541,1,2,0.405,0.405,1.355,1,2,2.398,2.398,3.52,1,0.6,19,3
609cff7fe52cde12237d9188,2,5.922,5.922,7.273,1,2,5.294,5.294,6.049,1,1,0.99,0.99,2.196,1,1,2.367,2.367,6.595,1,1,3.511,3.511,4.176,1,1,1.078,1.078,1.801,1,2,0.595,0.595,1.396,1,11,2,1.47,3.404,4.593,3,1,1.571,4.164,4.495,4,2,1.08,2.153,2.49,2,2,1.225,1.225,3.287,1,1,2.315,2.315,3.29,1,2,1.06,1.06,2.238,1,2,1.651,1.651,2.769,1,2,1.423,1.423,1.989,1,2,1.096,1.096,1.701,1,1,1.613,1.613,2.29,1,2,0.937,1.784,2.078,2,1,3.22,5.08,6.135,2,0.45,19,1
593e6e9ea2bf080001ed3bba,1,1.494,1.494,3.114,1,2,1.012,1.012,1.739,1,2,1.107,1.107,1.822,1,2,0.763,0.763,1.383,1,1,0.83,0.83,1.696,1,2,0.74,0.74,1.518,1,2,1.399,1.399,2.246,1,11,2,0.734,0.734,1.622,1,1,1.297,1.297,2.186,1,2,1.197,1.197,2.007,1,1,1.31,2.371,3.108,2,2,0.529,0.529,1.308,1,2,1.394,1.394,2.253,1,1,0.724,0.724,1.522,1,1,1.231,1.231,1.928,1,1,0.849,1.412,2.636,2,2,1.167,1.167,2.144,1,1,1.057,1.828,3.517,2,2,1.551,3.823,4.627,3,0.25,19,3
61521b77189f1ecd957345d7,1,3.673,3.673,6.409,1,1,7.087,10.679,12.269,2,1,5.029,5.029,7.17,1,2,2.929,2.929,5.118,1,2,5.08,5.08,7.437,1,2,2.963,2.963,4.918,1,1,2.73,2.73,4.537,1,11,1,4.188,4.188,5.968,1,2,2.205,2.205,4.204,1,2,2.926,2.926,4.682,1,2,5.93,5.93,7.573,1,2,2.931,2.931,4.905,1,1,0.598,2.952,4.781,2,1,2.014,2.014,3.751,1,1,2.815,2.815,4.612,1,2,2.357,2.357,4.149,1,2,2.869,2.869,4.727,1,2,2.358,2.358,4.165,1,2,4.097,4.097,6.189,1,0.5,19,2
678d3e07a5941b112131991b,2,9.954,10.853,10.881,2,2,8.647,9.446,9.475,2,1,3.13,3.929,3.957,2,1,1.67,2.47,2.498,2,1,9.093,9.892,9.922,2,1,4.146,4.911,4.941,2,2,2.091,2.775,2.701,2,11,1,2.193,2.946,2.976,2,2,1.053,1.803,1.826,2,2,1.125,1.907,1.936,2,1,1.096,1.796,1.823,2,1,3.411,4.31,4.335,2,2,1.21,1.926,1.95,2,1,1.144,1.678,1.601,2,2,1.862,2.491,2.401,2,2,1.851,2.366,2.39,2,1,1.348,1.913,1.933,2,1,1.258,2.142,2.169,2,2,5.842,6.524,6.55,2,0.6,19,3
5df11e6cdc85350234932daa,1,3.925,3.925,5.761,1,2,2.425,2.425,4.354,1,2,1.564,1.564,2.743,1,2,2.821,2.821,4.131,1,1,1.775,1.775,3.288,1,2,2.829,2.829,4.064,1,1,2.736,2.736,4.056,1,11,2,3.243,3.243,4.568,1,1,1.405,1.405,2.584,1,2,2.23,2.23,3.367,1,2,1.984,3.156,4.377,2,1,1.559,1.559,2.646,1,2,1.32,1.32,2.589,1,1,4.057,5.33,6.602,2,1,1.433,1.433,2.874,1,2,2.713,2.713,4.112,1,1,2.202,2.202,3.469,1,2,1.787,1.787,2.931,1,2,6.538,6.538,7.877,1,0.4,19,1
664aa55ce849bcd782008c64,1,4.147,4.147,5.022,1,2,3.171,3.171,3.963,1,2,1.55,1.55,2.493,1,2,1.028,1.028,1.537,1,2,1.138,1.138,2.429,1,2,0.611,0.611,1.001,1,2,0.622,0.622,1.049,1,11,2,0.908,0.908,1.482,1,2,1.162,1.162,1.837,1,2,0.709,0.709,1.301,1,2,0.768,1.384,2.026,2,2,0.645,0.645,1.086,1,2,0.778,0.778,2.436,1,2,0.892,0.892,1.301,1,1,0.981,0.981,1.389,1,1,0.725,0.725,1.084,1,2,0.707,1.586,2.044,2,1,0.889,0.889,1.297,1,2,4.342,4.342,5.652,1,0.35,19,3
662d0e2441cfa56ee3b70fa8,2,4.493,4.493,6.175,1,2,1.981,1.981,4.382,1,2,1.991,1.991,3.461,1,1,3.558,3.558,4.821,1,1,1.929,1.929,3.023,1,2,3,3,4.274,1,1,1.818,3.62,4.276,2,11,2,6.006,6.006,7.676,1,1,3.099,3.099,5.14,1,2,1.378,1.378,2.368,1,2,1.785,3.231,4.28,2,1,3.989,3.989,5.753,1,2,4.574,4.574,6.343,1,1,10.992,10.992,12.636,1,2,8.19,8.19,9.987,1,1,6.925,6.925,8.081,1,2,4.134,4.134,5.525,1,1,1.544,1.544,2.999,1,2,1.474,5.359,7.125,2,0.55,19,2
654650713282e9e8d26d0b86,2,3.771,3.771,5.245,1,2,2.012,2.012,2.791,1,2,1.04,1.04,2.025,1,2,0.75,0.75,1.569,1,2,0.766,0.766,1.202,1,1,0.694,0.694,1.352,1,2,0.723,1.096,1.38,2,11,2,1.334,2.015,2.202,2,1,0.626,0.626,1.094,1,2,0.562,0.562,1.347,1,2,0.699,0.699,1.398,1,2,0.602,1.307,1.742,2,2,0.667,1.194,1.449,2,2,0.631,0.631,1.43,1,2,0.545,0.545,1.184,1,2,1.1,1.1,1.851,1,2,0.974,0.974,1.729,1,2,0.734,0.734,1.675,1,2,2.535,2.535,3.935,1,0.5,19,1
5be9ce784f251d00015ce92e,1,5.449,5.449,6.237,1,1,1.582,1.582,2.304,1,2,0.605,0.605,1.148,1,2,1.059,1.059,1.787,1,2,0.569,1.255,1.658,2,2,0.586,0.586,1.229,1,2,0.538,0.538,1.657,1,11,2,1.063,1.063,1.676,1,2,0.639,1.413,2.113,2,2,1.05,1.05,1.698,1,2,0.889,0.889,1.46,1,2,3.621,3.621,4.405,1,2,0.945,0.945,1.785,1,2,0.527,0.527,1.103,1,2,0.906,0.906,1.47,1,2,0.784,0.784,1.41,1,2,0.864,1.391,1.703,2,2,0.907,0.907,1.653,1,2,1.329,1.329,2.135,1,0.5,19,3
67628abfa461bc8ff539c320,2,6.12,7.514,9.471,2,2,4.107,4.107,5.872,1,2,4.278,4.278,5.567,1,2,1.555,1.555,3.252,1,2,1.016,1.016,2.402,1,2,1.555,1.555,3.017,1,2,1.714,1.714,3.201,1,11,2,1.386,1.386,2.737,1,1,2.291,2.291,3.494,1,2,1.436,1.436,2.652,1,2,1.872,2.846,4.124,2,2,1.598,1.598,3.244,1,2,1.671,1.671,3.652,1,2,1.047,1.047,2.204,1,2,1.415,1.415,3.024,1,2,2.129,2.129,4.036,1,2,2.28,2.28,4.247,1,2,1.668,1.668,3.389,1,2,6.143,6.143,7.443,1,0.55,19,1
664a47afa9a244ac01b6911f,1,7.114,7.114,9.364,1,1,2.636,2.636,3.647,1,1,2.756,6.229,7.001,3,1,0.879,0.879,2.187,1,1,3.357,3.357,4.015,1,1,1.658,1.658,2.621,1,2,0.95,0.95,1.822,1,11,2,1.744,1.744,2.399,1,1,1.376,1.376,2.153,1,1,1.335,1.335,2.241,1,1,1.879,1.879,2.944,1,1,1.626,1.626,2.649,1,2,1.928,1.928,2.926,1,1,1.907,1.907,3.179,1,1,3.335,3.335,4.556,1,1,1.256,1.256,3.064,1,2,1.322,1.322,2.269,1,2,1.63,1.63,3.735,1,2,4.022,4.022,5.281,1,0.35,19,2
